assay,model,taxon,sel,MSA_Neff_L_category,seq_len,rho,cooks_d,leverage,high_influence
Q6WV12_9MAXI_Somermeyer_2022,ESM2 (15B),Eukaryote,Activity,Low,222,-0.022,0.014347322963823414,0.04894382114418891,True
HCP_LAMBD_Tsuboyama_2023_2L6Q,ESM2 (650M),Virus,Stability,Medium,55,0.686,0.01307383416432629,0.047711580856130004,True
SCN5A_HUMAN_Glazer_2019,ESM2 (15B),Human,OrganismalFitness,Medium,2016,0.125,0.012930960009215427,0.05337792525437909,True
ENVZ_ECOLI_Ghose_2023,ESM2 (650M),Prokaryote,Activity,High,60,0.172,0.012457067814635146,0.056196152724969715,True
ENVZ_ECOLI_Ghose_2023,ESM2 (15B),Prokaryote,Activity,High,60,0.113,0.01236351334165865,0.05735425187509215,True
Q8WTC7_9CNID_Somermeyer_2022,ESM2 (650M),Eukaryote,Activity,Low,238,-0.025,0.012220486616182361,0.04583443865243952,True
POLG_HCVJF_Qi_2014,ESM2 (15B),Virus,OrganismalFitness,Medium,3033,0.078,0.012103112825777383,0.06944774177285025,True
SCN5A_HUMAN_Glazer_2019,ESM2 (650M),Human,OrganismalFitness,Medium,2016,0.183,0.01197937065411861,0.052300116236714295,True
TADBP_HUMAN_Bolognesi_2019,ESM2 (650M),Human,OrganismalFitness,Low,414,-0.12,0.011150482900246858,0.025552458434467715,True
SPA_STAAU_Tsuboyama_2023_1LP1,ESM2 (650M),Prokaryote,Stability,Medium,55,0.005,0.011019098352552853,0.026658564935741584,True
KCNE1_HUMAN_Muhammad_2023_expression,ESM2 (15B),Human,Expression,Medium,129,0.073,0.011008623693337476,0.06710606363853354,True
Q8WTC7_9CNID_Somermeyer_2022,ESM2 (15B),Eukaryote,Activity,Low,238,0.034,0.010278016868138024,0.046779001969958975,True
Q6WV12_9MAXI_Somermeyer_2022,ESM2 (650M),Eukaryote,Activity,Low,222,0.01,0.010238391738948412,0.04795554571878066,True
TAT_HV1BR_Fernandes_2016,ESM2 (15B),Virus,OrganismalFitness,High,86,0.044,0.009770926088931098,0.06277558717014328,True
DLG4_RAT_McLaughlin_2012,ESM2 (650M),Eukaryote,Binding,Low,724,0.543,0.009577268121831612,0.08635286712202422,True
PRKN_HUMAN_Clausen_2023,ESM2 (15B),Human,Expression,Low,465,0.663,0.00933523790185405,0.05558653912244482,True
CD19_HUMAN_Klesmith_2019_FMC_singles,ESM2 (650M),Human,Binding,Low,556,0.05,0.009311474247737843,0.06694561235296508,True
CP2C9_HUMAN_Amorosi_2021_activity,ESM2 (15B),Human,Binding,High,490,0.62,0.009305617066057169,0.08747059508706376,True
SPA_STAAU_Tsuboyama_2023_1LP1,ESM2 (15B),Prokaryote,Stability,Medium,55,0.02,0.009163809390536737,0.027207948833010538,True
A0A247D711_LISMN_Stadelmann_2021,ESM2 (15B),Prokaryote,Activity,Low,87,0.084,0.009161203992793543,0.0975802787316532,True
A0A1I9GEU1_NEIME_Kennouche_2019,ESM2 (650M),Prokaryote,Activity,Medium,161,0.03,0.009070683083699902,0.03690946517937192,True
A0A1I9GEU1_NEIME_Kennouche_2019,ESM2 (15B),Prokaryote,Activity,Medium,161,0.025,0.008709349656902286,0.037670101240436515,True
OTU7A_HUMAN_Tsuboyama_2023_2L2D,ESM2 (650M),Human,Stability,High,42,0.319,0.0084535303272153,0.039061931445922626,True
CP2C9_HUMAN_Amorosi_2021_activity,ESM2 (650M),Human,Binding,High,490,0.679,0.00822699897482113,0.0857043856340725,True
RASK_HUMAN_Weng_2022_binding-DARPin_K55,ESM2 (650M),Human,Binding,High,188,0.652,0.008093874199158389,0.08197366726747456,True
POLG_PESV_Tsuboyama_2023_2MXD,ESM2 (15B),Virus,Stability,High,53,0.084,0.007931001897877018,0.04418630340444212,True
D7PM05_CLYGR_Somermeyer_2022,ESM2 (650M),Eukaryote,Activity,Low,235,0.05,0.007906963184825732,0.045003588187724014,True
PHOT_CHLRE_Chen_2023,ESM2 (15B),Eukaryote,Activity,High,118,0.758,0.007794647664320298,0.06307464245381987,True
SPIKE_SARS2_Starr_2020_expression,ESM2 (15B),Virus,Expression,Medium,1273,0.072,0.007769166844469278,0.09085209671183042,True
KCNE1_HUMAN_Muhammad_2023_expression,ESM2 (650M),Human,Expression,Medium,129,0.106,0.007660572373502401,0.06575105554886136,True
ESTA_BACSU_Nutschel_2020,ESM2 (650M),Prokaryote,Stability,High,212,0.3,0.007429690211980572,0.0506757420741373,True
RPC1_LAMBD_Li_2019_high-expression,ESM2 (650M),Virus,Activity,High,237,0.549,0.0074149022321915005,0.0553474091832735,True
A0A247D711_LISMN_Stadelmann_2021,ESM2 (650M),Prokaryote,Activity,Low,87,0.066,0.007112840610798606,0.09560993417700811,True
RPC1_LAMBD_Li_2019_low-expression,ESM2 (15B),Virus,Activity,High,237,0.591,0.007063970068738945,0.05648801729305512,True
RPC1_BP434_Tsuboyama_2023_1R69,ESM2 (650M),Virus,Stability,High,61,0.708,0.00685875031216558,0.0537267164810094,True
NPC1_HUMAN_Erwood_2022_HEK293T,ESM2 (15B),Human,Activity,Low,1278,0.719,0.006825274054081726,0.038576963909158324,True
TAT_HV1BR_Fernandes_2016,ESM2 (650M),Virus,OrganismalFitness,High,86,0.017,0.006809619085597536,0.061508020219596886,True
R1AB_SARS2_Flynn_2022,ESM2 (15B),Virus,OrganismalFitness,Medium,306,0.577,0.006730848111935278,0.042540624285570185,True
PSAE_PICP2_Tsuboyama_2023_1PSE,ESM2 (650M),Prokaryote,Stability,Medium,68,0.708,0.006592561640326237,0.04292156579143245,True
VG08_BPP22_Tsuboyama_2023_2GP8,ESM2 (650M),Virus,Stability,High,40,0.655,0.006454889807538601,0.0473314312597536,True
NPC1_HUMAN_Erwood_2022_RPE1,ESM2 (15B),Human,Activity,Low,1278,0.709,0.00639483528040793,0.038576963909158324,True
POLG_HCVJF_Qi_2014,ESM2 (650M),Virus,OrganismalFitness,Medium,3033,0.116,0.006392542323440021,0.0680454504327031,True
SPIKE_SARS2_Starr_2020_binding,ESM2 (15B),Virus,Binding,Medium,1273,0.038,0.006153272206416159,0.09908330185553398,True
RPC1_LAMBD_Li_2019_low-expression,ESM2 (650M),Virus,Activity,High,237,0.523,0.006040146646811129,0.0553474091832735,False
SYUA_HUMAN_Newberry_2020,ESM2 (650M),Human,OrganismalFitness,Medium,140,0.137,0.0058605376250343046,0.02969539769318818,False
PABP_YEAST_Melamed_2013,ESM2 (650M),Eukaryote,OrganismalFitness,Medium,577,0.716,0.005749390859307365,0.03479488564022385,False
VRPI_BPT7_Tsuboyama_2023_2WNM,ESM2 (650M),Virus,Stability,Medium,56,0.587,0.005536114527007164,0.044275442175141656,False
OXDA_RHOTO_Vanella_2023_expression,ESM2 (650M),Eukaryote,Expression,High,364,0.315,0.00548444864898934,0.08120358848771972,False
SPIKE_SARS2_Starr_2020_expression,ESM2 (650M),Virus,Expression,Medium,1273,0.012,0.0054815853744265355,0.08901760785444018,False
TAT_HV1BR_Fernandes_2016,ESM2 (3B),Virus,OrganismalFitness,High,86,-0.057,0.005372516746194094,0.024869651058730582,False
PPARG_HUMAN_Majithia_2016,ESM2 (15B),Human,Activity,Medium,505,0.768,0.005350832633461172,0.02551463155872797,False
TADBP_HUMAN_Bolognesi_2019,ESM2 (15B),Human,OrganismalFitness,Low,414,0.053,0.005271939340821206,0.02607904751506409,False
CAS9_STRP1_Spencer_2017_positive,ESM2 (650M),Prokaryote,Activity,Medium,1368,0.182,0.005256759430910001,0.05948899279849121,False
RASK_HUMAN_Weng_2022_abundance,ESM2 (15B),Human,Expression,High,188,0.21,0.005202131512325223,0.05367637261984486,False
ENV_HV1B9_DuenasDecamp_2016,ESM2 (650M),Virus,OrganismalFitness,Medium,853,0.012,0.005199958384216819,0.03416351735387582,False
VG08_BPP22_Tsuboyama_2023_2GP8,ESM2 (15B),Virus,Stability,High,40,0.653,0.005124863022735346,0.04830684483627131,False
NPC1_HUMAN_Erwood_2022_HEK293T,ESM2 (650M),Human,Activity,Low,1278,0.694,0.005118383204595828,0.0377980164439417,False
SPIKE_SARS2_Starr_2020_binding,ESM2 (650M),Virus,Binding,Medium,1273,-0.018,0.005093147282492605,0.09708260820303691,False
ILF3_HUMAN_Tsuboyama_2023_2L33,ESM2 (15B),Human,Stability,High,71,0.167,0.004988944447554616,0.02216458182355814,False
CALM1_HUMAN_Weile_2017,ESM2 (650M),Human,OrganismalFitness,High,149,0.212,0.004851555262964013,0.031258292706165196,False
SPG1_STRSG_Wu_2016,ESM2 (650M),Prokaryote,Binding,Medium,448,0.128,0.004760364803458071,0.08207178377157717,False
SCN5A_HUMAN_Glazer_2019,ESM2 (3B),Human,OrganismalFitness,Medium,2016,0.152,0.004733885234699738,0.02114660228852114,False
PABP_YEAST_Melamed_2013,ESM2 (15B),Eukaryote,OrganismalFitness,Medium,577,0.695,0.004694034920304836,0.035511944113706236,False
GFP_AEQVI_Sarkisyan_2016,ESM2 (650M),Eukaryote,Activity,Low,238,0.108,0.004575874652881799,0.06379438392083878,False
Q8WTC7_9CNID_Somermeyer_2022,ESM2 (3B),Eukaryote,Activity,Low,238,-0.007,0.00451169137110321,0.018532322966815104,False
DLG4_RAT_McLaughlin_2012,ESM2 (15B),Eukaryote,Binding,Low,724,0.471,0.004511671719520938,0.08813244058346892,False
D7PM05_CLYGR_Somermeyer_2022,ESM2 (15B),Eukaryote,Activity,Low,235,0.152,0.004443041719440741,0.04593102920824611,False
P53_HUMAN_Kotler_2018,ESM2 (15B),Human,OrganismalFitness,Low,393,0.702,0.004434602741897382,0.02600967671644789,False
ENVZ_ECOLI_Ghose_2023,ESM2 (3B),Prokaryote,Activity,High,60,0.154,0.0043411499014712595,0.022721893894868853,False
ENV_HV1B9_DuenasDecamp_2016,ESM2 (15B),Virus,OrganismalFitness,Medium,853,0.095,0.004319206381222471,0.034867564490453855,False
SPA_STAAU_Tsuboyama_2023_1LP1,ESM2 (3B),Prokaryote,Stability,Medium,55,-0.01,0.0043008438749848376,0.010778906641953172,False
PKN1_HUMAN_Tsuboyama_2023_1URF,ESM2 (650M),Human,Stability,High,71,0.298,0.004274131466648954,0.024919514185722448,False
ODP2_GEOSE_Tsuboyama_2023_1W4G,ESM2 (650M),Prokaryote,Stability,High,44,0.221,0.004236750961759929,0.023541662553945252,False
FKBP3_HUMAN_Tsuboyama_2023_2KFV,ESM2 (650M),Human,Stability,Medium,69,0.188,0.004217544017756079,0.032404787394102415,False
Q6WV12_9MAXI_Somermeyer_2022,ESM2 (3B),Eukaryote,Activity,Low,222,0.01,0.004197466550149161,0.01938995409215094,False
KCNE1_HUMAN_Muhammad_2023_expression,ESM2 (3B),Human,Expression,Medium,129,0.062,0.004132936544479114,0.026585245345328235,False
CAS9_STRP1_Spencer_2017_positive,ESM2 (15B),Prokaryote,Activity,Medium,1368,0.194,0.004118011243826703,0.06071495131452605,False
RASK_HUMAN_Weng_2022_abundance,ESM2 (650M),Human,Expression,High,188,0.271,0.004065759259788068,0.052592537342068466,False
PKN1_HUMAN_Tsuboyama_2023_1URF,ESM2 (15B),Human,Stability,High,71,0.238,0.0040638588419094875,0.025433059451733603,False
HCP_LAMBD_Tsuboyama_2023_2L6Q,ESM2 (15B),Virus,Stability,Medium,55,0.577,0.004055192778418836,0.04869482861529429,False
P53_HUMAN_Kotler_2018,ESM2 (650M),Human,OrganismalFitness,Low,393,0.678,0.004054477015609851,0.025484488373552633,False
RCRO_LAMBD_Tsuboyama_2023_1ORC,ESM2 (15B),Virus,Stability,High,63,0.639,0.004017773152184985,0.044045834334346314,False
Q2N0S5_9HIV1_Haddox_2018,ESM2 (650M),Virus,OrganismalFitness,Medium,860,0.044,0.003995893841889162,0.033836681065003794,False
CP2C9_HUMAN_Amorosi_2021_activity,ESM2 (3B),Human,Binding,High,490,0.678,0.003957560488765683,0.03465301203505772,False
NPC1_HUMAN_Erwood_2022_RPE1,ESM2 (650M),Human,Activity,Low,1278,0.661,0.0039566332489692595,0.0377980164439417,False
SPG1_STRSG_Olson_2014,ESM2 (15B),Prokaryote,Binding,Low,448,0.337,0.003953947967734384,0.1153980865744147,False
ENV_HV1BR_Haddox_2016,ESM2 (650M),Virus,OrganismalFitness,Medium,861,0.046,0.0039520933668680805,0.03389875026709729,False
PHOT_CHLRE_Chen_2023,ESM2 (650M),Eukaryote,Activity,High,118,0.749,0.0039320198097144085,0.06180103696805521,False
UBR5_HUMAN_Tsuboyama_2023_1I2T,ESM2 (650M),Human,Stability,Medium,58,0.197,0.003910535301199801,0.0228743540203522,False
MYO3_YEAST_Tsuboyama_2023_2BTT,ESM2 (15B),Eukaryote,Stability,High,61,0.247,0.0038537468798400354,0.02858293628068459,False
SPG1_STRSG_Olson_2014,ESM2 (650M),Prokaryote,Binding,Low,448,0.301,0.00379062837060234,0.11306796419257917,False
YAP1_HUMAN_Araya_2012,ESM2 (650M),Human,Binding,Low,504,0.466,0.0037055077471846386,0.06880089043462109,False
PRKN_HUMAN_Clausen_2023,ESM2 (3B),Human,Expression,Low,465,0.658,0.0034963680638631697,0.022021583450758563,False
POLG_HCVJF_Qi_2014,ESM2 (3B),Virus,OrganismalFitness,Medium,3033,0.09,0.0034716601721683773,0.027512942252956876,False
RCRO_LAMBD_Tsuboyama_2023_1ORC,ESM2 (650M),Virus,Stability,High,63,0.596,0.0034520410287063744,0.043156459237620626,False
ESTA_BACSU_Nutschel_2020,ESM2 (15B),Prokaryote,Stability,High,212,0.323,0.0034263327239198987,0.051720075733686977,False
A0A1I9GEU1_NEIME_Kennouche_2019,ESM2 (3B),Prokaryote,Activity,Medium,161,0.027,0.0034117260375955724,0.014923672010546849,False
MK01_HUMAN_Brenan_2016,ESM2 (15B),Human,OrganismalFitness,Medium,360,0.141,0.0033624245746390054,0.01970615022890373,False
CALM1_HUMAN_Weile_2017,ESM2 (15B),Human,OrganismalFitness,High,149,0.225,0.00336023100532309,0.03190246851646409,False
A4GRB6_PSEAI_Chen_2020,ESM2 (650M),Prokaryote,OrganismalFitness,High,266,0.738,0.0033119641868551057,0.02670611602829608,False
ACE2_HUMAN_Chan_2020,ESM2 (15B),Human,Binding,Medium,805,0.178,0.0033071207090652113,0.07064788972974871,False
RPC1_LAMBD_Li_2019_high-expression,ESM2 (15B),Virus,Activity,High,237,0.509,0.003280822571192395,0.05648801729305512,False
RPC1_BP434_Tsuboyama_2023_1R69,ESM2 (15B),Virus,Stability,High,61,0.63,0.003274052232714964,0.05483392510078879,False
ODP2_GEOSE_Tsuboyama_2023_1W4G,ESM2 (15B),Prokaryote,Stability,High,44,0.21,0.00324722214609906,0.024026812836912544,False
TCRG1_MOUSE_Tsuboyama_2023_1E0L,ESM2 (15B),Eukaryote,Stability,Medium,37,0.745,0.0032413532785165156,0.03000036952432488,False
YAIA_ECOLI_Tsuboyama_2023_2KVT,ESM2 (15B),Prokaryote,Stability,Medium,52,0.684,0.003229036080669842,0.030879839796541735,False
NRAM_I33A0_Jiang_2016,ESM2 (15B),Virus,OrganismalFitness,Medium,453,0.575,0.0031957684510017866,0.029703950306734766,False
BLAT_ECOLX_Firnberg_2014,ESM2 (650M),Prokaryote,OrganismalFitness,High,286,0.737,0.0031895633819085585,0.02832468140570593,False
TCRG1_MOUSE_Tsuboyama_2023_1E0L,ESM2 (650M),Eukaryote,Stability,Medium,37,0.769,0.0031502494172942074,0.029394600966395748,False
MBD11_ARATH_Tsuboyama_2023_6ACV,ESM2 (15B),Eukaryote,Stability,Medium,66,0.74,0.003145333198951506,0.02872308435400827,False
SYUA_HUMAN_Newberry_2020,ESM2 (15B),Human,OrganismalFitness,Medium,140,0.205,0.003131175902418386,0.030307365117352214,False
MK01_HUMAN_Brenan_2016,ESM2 (650M),Human,OrganismalFitness,Medium,360,0.178,0.0031198378970847237,0.019308242923234752,False
BLAT_ECOLX_Stiffler_2015,ESM2 (650M),Prokaryote,OrganismalFitness,High,286,0.731,0.003039254128780625,0.02832468140570593,False
A0A2Z5U3Z0_9INFA_Doud_2016,ESM2 (650M),Virus,OrganismalFitness,Medium,565,0.507,0.0030363834235588544,0.028705574083684432,False
MSH2_HUMAN_Jia_2020,ESM2 (15B),Human,OrganismalFitness,Medium,934,0.204,0.0030232769589838148,0.02633050679072172,False
TADBP_HUMAN_Bolognesi_2019,ESM2 (3B),Human,OrganismalFitness,Low,414,-0.028,0.00300162156359004,0.010331672563823802,False
POLG_PESV_Tsuboyama_2023_2MXD,ESM2 (650M),Virus,Stability,High,53,0.16,0.0029925249350070964,0.04329409195111902,False
GAL4_YEAST_Kitzman_2015,ESM2 (15B),Eukaryote,OrganismalFitness,Medium,881,0.655,0.00298519266863243,0.043266655966391274,False
ODP2_GEOSE_Tsuboyama_2023_1W4G,ESM2 (3B),Prokaryote,Stability,High,44,0.089,0.0029493486992232315,0.009518643763345613,False
SPIKE_SARS2_Starr_2020_expression,ESM2 (3B),Virus,Expression,Medium,1273,0.018,0.0029410331704478473,0.03599265327544225,False
DNJA1_HUMAN_Tsuboyama_2023_2LO1,ESM2 (15B),Human,Stability,High,65,0.798,0.0029375515076904835,0.023552563979089863,False
A0A192B1T2_9HIV1_Haddox_2018,ESM2 (650M),Virus,OrganismalFitness,Medium,852,0.08,0.0029320593583667845,0.03371125096051406,False
RPC1_LAMBD_Li_2019_low-expression,ESM2 (3B),Virus,Activity,High,237,0.579,0.002904813031644493,0.02237871985602032,False
GAL4_YEAST_Kitzman_2015,ESM2 (650M),Eukaryote,OrganismalFitness,Medium,881,0.668,0.0029035997559191495,0.042393014067749805,False
D7PM05_CLYGR_Somermeyer_2022,ESM2 (3B),Eukaryote,Activity,Low,235,0.072,0.002808728612688851,0.0181963836687254,False
ILF3_HUMAN_Tsuboyama_2023_2L33,ESM2 (650M),Human,Stability,High,71,0.318,0.0027507428675600646,0.02171703377727583,False
HSP82_YEAST_Cote-Hammarlof_2020_growth-H2O2,ESM2 (650M),Eukaryote,OrganismalFitness,Medium,709,0.257,0.002714601310672528,0.037332688511210146,False
AMFR_HUMAN_Tsuboyama_2023_4G3O,ESM2 (650M),Human,Stability,Medium,47,0.261,0.002656380908714829,0.023743728964220508,False
ANCSZ_Hobbs_2022,ESM2 (650M),Eukaryote,Activity,Medium,627,0.609,0.0026354128104819187,0.03851309021734822,False
A0A247D711_LISMN_Stadelmann_2021,ESM2 (3B),Prokaryote,Activity,Low,87,0.084,0.0025986793423161845,0.03865814071467724,False
ACE2_HUMAN_Chan_2020,ESM2 (650M),Human,Binding,Medium,805,0.225,0.0025818789177121312,0.06922136495819126,False
NUD15_HUMAN_Suiter_2020,ESM2 (15B),Human,Expression,High,164,0.599,0.0025633885912451494,0.0569660766745443,False
OXDA_RHOTO_Vanella_2023_expression,ESM2 (15B),Eukaryote,Expression,High,364,0.34,0.002551312414151628,0.08287704480553512,False
ESTA_BACSU_Nutschel_2020,ESM2 (3B),Prokaryote,Stability,High,212,0.281,0.0025338621912853205,0.020489816092706694,False
KCNH2_HUMAN_Kozek_2020,ESM2 (650M),Human,Activity,Medium,1159,0.28,0.0025251211519499756,0.03700012901736639,False
NPC1_HUMAN_Erwood_2022_HEK293T,ESM2 (3B),Human,Activity,Low,1278,0.721,0.0024941119927519334,0.015282941579275419,False
I6TAH8_I68A0_Doud_2015,ESM2 (15B),Virus,OrganismalFitness,Medium,498,0.094,0.0024938804942898603,0.032365879660571126,False
SOX30_HUMAN_Tsuboyama_2023_7JJK,ESM2 (15B),Human,Stability,High,57,0.261,0.0024893079903443947,0.02139269988467489,False
KCNH2_HUMAN_Kozek_2020,ESM2 (15B),Human,Activity,Medium,1159,0.248,0.002487851478548088,0.03776263349305788,False
C6KNH7_9INFA_Lee_2018,ESM2 (650M),Virus,OrganismalFitness,Medium,566,0.483,0.0024671684352319694,0.028706342389664973,False
PR40A_HUMAN_Tsuboyama_2023_1UZC,ESM2 (650M),Human,Stability,Medium,63,0.805,0.0024518390982041596,0.02005339069413462,False
RFAH_ECOLI_Tsuboyama_2023_2LCL,ESM2 (15B),Prokaryote,Stability,High,55,0.246,0.0024418345847693032,0.024346908958641864,False
KKA2_KLEPN_Melnikov_2014,ESM2 (15B),Prokaryote,OrganismalFitness,High,264,0.662,0.002436871366082454,0.030623265892579982,False
BLAT_ECOLX_Jacquier_2013,ESM2 (650M),Prokaryote,OrganismalFitness,High,286,0.704,0.002407755039411445,0.02832468140570593,False
SPIKE_SARS2_Starr_2020_binding,ESM2 (3B),Virus,Binding,Medium,1273,-0.008,0.0024055684006477848,0.03925358971498377,False
ENV_HV1BR_Haddox_2016,ESM2 (15B),Virus,OrganismalFitness,Medium,861,0.16,0.0023901782998281764,0.034597341041926154,False
SOX30_HUMAN_Tsuboyama_2023_7JJK,ESM2 (650M),Human,Stability,High,57,0.322,0.002371278819405291,0.020960737706714295,False
RFAH_ECOLI_Tsuboyama_2023_2LCL,ESM2 (650M),Prokaryote,Stability,High,55,0.299,0.002368549593163334,0.023855295283085304,False
AMIE_PSEAE_Wrenbeck_2017,ESM2 (15B),Prokaryote,Activity,Medium,346,0.613,0.0023582428512091856,0.03620642187035239,False
PRKN_HUMAN_Clausen_2023,ESM2 (650M),Human,Expression,Low,465,0.501,0.0023142116533487523,0.05446413369283258,False
PSAE_PICP2_Tsuboyama_2023_1PSE,ESM2 (15B),Prokaryote,Stability,Medium,68,0.583,0.002282340303437077,0.04380610016709079,False
BRCA2_HUMAN_Erwood_2022_HEK293T,ESM2 (650M),Human,OrganismalFitness,Low,3418,0.51,0.002279104313228416,0.05945833729589821,False
A0A192B1T2_9HIV1_Haddox_2018,ESM2 (15B),Virus,OrganismalFitness,Medium,852,0.164,0.0022707156873224845,0.034405977720155384,False
HCP_LAMBD_Tsuboyama_2023_2L6Q,ESM2 (3B),Virus,Stability,Medium,55,0.588,0.002200068910233261,0.01929131133006805,False
NCAP_I34A1_Doud_2015,ESM2 (15B),Virus,OrganismalFitness,Medium,498,0.107,0.0021908457500760745,0.032365879660571126,False
Q2N0S5_9HIV1_Haddox_2018,ESM2 (15B),Virus,OrganismalFitness,Medium,860,0.168,0.0021897775069720325,0.034533992707957824,False
RPC1_BP434_Tsuboyama_2023_1R69,ESM2 (3B),Virus,Stability,High,61,0.687,0.0021523447489995794,0.021723422191832164,False
EPHB2_HUMAN_Tsuboyama_2023_1F0M,ESM2 (650M),Human,Stability,High,66,0.81,0.002149028955199818,0.01998881012302816,False
R1AB_SARS2_Flynn_2022,ESM2 (3B),Virus,OrganismalFitness,Medium,306,0.498,0.0021069011658257884,0.01685321523055179,False
VRPI_BPT7_Tsuboyama_2023_2WNM,ESM2 (3B),Virus,Stability,Medium,56,0.612,0.002100714319244524,0.01790197105085744,False
MTH3_HAEAE_RockahShmuel_2015,ESM2 (15B),Prokaryote,OrganismalFitness,Medium,330,0.644,0.002097449257275682,0.027262220344844146,False
AMFR_HUMAN_Tsuboyama_2023_4G3O,ESM2 (15B),Human,Stability,Medium,47,0.26,0.002087693956205671,0.02423304346353823,False
POLG_PESV_Tsuboyama_2023_2MXD,ESM2 (3B),Virus,Stability,High,53,0.114,0.0020705537347506233,0.017505179907999695,False
A0A2Z5U3Z0_9INFA_Wu_2014,ESM2 (650M),Virus,OrganismalFitness,Medium,565,0.464,0.0020596085760403704,0.02870557408368444,False
OBSCN_HUMAN_Tsuboyama_2023_1V1C,ESM2 (15B),Human,Stability,High,65,0.755,0.0020551010838666442,0.022379611082805326,False
GLPA_HUMAN_Elazar_2016,ESM2 (15B),Human,Expression,Low,150,0.47,0.0020445290263800373,0.07162042971271662,False
S22A1_HUMAN_Yee_2023_abundance,ESM2 (650M),Human,Expression,Medium,553,0.626,0.0020419944635485686,0.05427346172660443,False
I6TAH8_I68A0_Doud_2015,ESM2 (650M),Virus,OrganismalFitness,Medium,498,0.02,0.002033097057508534,0.03171234663551302,False
CP2C9_HUMAN_Amorosi_2021_abundance,ESM2 (15B),Human,Expression,High,490,0.591,0.0020260591844077753,0.058840153923530564,False
RDRP_I33A0_Li_2023,ESM2 (15B),Virus,OrganismalFitness,Medium,757,0.491,0.002000074811620847,0.031776467674059,False
OXDA_RHOTO_Vanella_2023_activity,ESM2 (650M),Eukaryote,Activity,High,364,0.37,0.00198877029518738,0.04492770881420851,False
PKN1_HUMAN_Tsuboyama_2023_1URF,ESM2 (3B),Human,Stability,High,71,0.236,0.001984609248991242,0.010075753050405445,False
RNC_ECOLI_Weeks_2023,ESM2 (15B),Prokaryote,Activity,Medium,226,0.592,0.00195601751341248,0.03362802583314848,False
EPHB2_HUMAN_Tsuboyama_2023_1F0M,ESM2 (15B),Human,Stability,High,66,0.744,0.0019496950515853842,0.020400742664544492,False
HSP82_YEAST_Flynn_2019,ESM2 (650M),Eukaryote,OrganismalFitness,Medium,709,0.283,0.0019377276702609953,0.03702034858222689,False
OTU7A_HUMAN_Tsuboyama_2023_2L2D,ESM2 (15B),Human,Stability,High,42,0.408,0.0019203517898011267,0.03986692587020396,False
TRPC_SACS2_Chan_2017,ESM2 (650M),Prokaryote,OrganismalFitness,Medium,248,0.653,0.0018922759544663325,0.02476727958933515,False
RASK_HUMAN_Weng_2022_abundance,ESM2 (3B),Human,Expression,High,188,0.231,0.0018918980528813867,0.021264837452429915,False
ENV_HV1B9_DuenasDecamp_2016,ESM2 (3B),Virus,OrganismalFitness,Medium,853,0.048,0.0018867925795063997,0.013813397870658148,False
PR40A_HUMAN_Tsuboyama_2023_1UZC,ESM2 (15B),Human,Stability,Medium,63,0.727,0.0018859539403447187,0.020466654122213223,False
CCR5_HUMAN_Gill_2023,ESM2 (650M),Human,Binding,High,352,0.347,0.0018737181233977687,0.08307061337129136,False
NCAP_I34A1_Doud_2015,ESM2 (650M),Virus,OrganismalFitness,Medium,498,0.028,0.0018647851720765807,0.03171234663551302,False
GRB2_HUMAN_Faure_2021,ESM2 (650M),Human,OrganismalFitness,Medium,217,0.647,0.0018481303587215797,0.023087375554140456,False
Q53Z42_HUMAN_McShan_2019_expression,ESM2 (15B),Human,Expression,Medium,365,0.558,0.0018399057691784102,0.04750230967987784,False
CP2C9_HUMAN_Amorosi_2021_abundance,ESM2 (650M),Human,Expression,High,490,0.635,0.0018350254976649838,0.057652051384937314,False
KCNE1_HUMAN_Muhammad_2023_function,ESM2 (650M),Human,Activity,Medium,129,0.525,0.0018233783595459105,0.04567686314091169,False
RL40A_YEAST_Roscoe_2013,ESM2 (650M),Eukaryote,OrganismalFitness,Medium,128,0.599,0.0018169547095164696,0.04254672041657478,False
RBP1_HUMAN_Tsuboyama_2023_2KWH,ESM2 (15B),Human,Stability,High,52,0.335,0.0018039311770657433,0.025130401184612138,False
OTU7A_HUMAN_Tsuboyama_2023_2L2D,ESM2 (3B),Human,Stability,High,42,0.362,0.0018011418278902189,0.015793982659039255,False
RPC1_LAMBD_Li_2019_high-expression,ESM2 (3B),Virus,Activity,High,237,0.52,0.0017805290630252795,0.02237871985602032,False
DLG4_RAT_McLaughlin_2012,ESM2 (3B),Eukaryote,Binding,Low,724,0.478,0.0017777937741412144,0.03491521374901024,False
POLG_CXB3N_Mattenberger_2021,ESM2 (650M),Virus,OrganismalFitness,Medium,2185,0.395,0.0017663561820582528,0.04427390174747855,False
CAR11_HUMAN_Meitlis_2020_lof,ESM2 (15B),Human,OrganismalFitness,Low,1154,0.54,0.0017606332170119314,0.03692405329083792,False
CBPA2_HUMAN_Tsuboyama_2023_1O6X,ESM2 (15B),Human,Stability,Medium,72,0.718,0.0017601186725363029,0.020411448504518565,False
MBD11_ARATH_Tsuboyama_2023_6ACV,ESM2 (650M),Eukaryote,Stability,Medium,66,0.699,0.0017583957683114887,0.02814310678492211,False
Q59976_STRSQ_Romero_2015,ESM2 (15B),Prokaryote,Activity,Medium,501,0.57,0.001738832107132726,0.03859433600403511,False
CAS9_STRP1_Spencer_2017_positive,ESM2 (3B),Prokaryote,Activity,Medium,1368,0.188,0.0017381039864637908,0.024053293984293178,False
A4GRB6_PSEAI_Chen_2020,ESM2 (15B),Prokaryote,OrganismalFitness,High,266,0.627,0.0017351335507806037,0.027256479865956116,False
P53_HUMAN_Kotler_2018,ESM2 (3B),Human,OrganismalFitness,Low,393,0.698,0.0017343205258025546,0.010304190103953309,False
PPM1D_HUMAN_Miller_2022,ESM2 (15B),Human,OrganismalFitness,Low,605,0.618,0.0017265934861605506,0.02179256891424879,False
CD19_HUMAN_Klesmith_2019_FMC_singles,ESM2 (3B),Human,Binding,Low,556,0.123,0.001724181441679641,0.027068242697247977,False
ANCSZ_Hobbs_2022,ESM2 (15B),Eukaryote,Activity,Medium,627,0.57,0.0017237935759725335,0.03930677403530612,False
HSP82_YEAST_Cote-Hammarlof_2020_growth-H2O2,ESM2 (15B),Eukaryote,OrganismalFitness,Medium,709,0.293,0.0017198367469643619,0.03810204642523344,False
PA_I34A1_Wu_2015,ESM2 (650M),Virus,OrganismalFitness,Medium,716,0.038,0.0017154464253176366,0.03076554597547788,False
PABP_YEAST_Melamed_2013,ESM2 (3B),Eukaryote,OrganismalFitness,Medium,577,0.684,0.0017109404422696952,0.014068680172298885,False
DNJA1_HUMAN_Tsuboyama_2023_2LO1,ESM2 (650M),Human,Stability,High,65,0.803,0.0016998858044012452,0.02307698974639322,False
CAPSD_AAV2S_Sinai_2021,ESM2 (15B),Virus,OrganismalFitness,Low,735,0.124,0.001686500408056113,0.03970284431062489,False
OBSCN_HUMAN_Tsuboyama_2023_1V1C,ESM2 (650M),Human,Stability,High,65,0.797,0.0016633302802234657,0.021927721157861117,False
YNZC_BACSU_Tsuboyama_2023_2JVD,ESM2 (15B),Prokaryote,Stability,Medium,39,0.63,0.0016441010183962433,0.028768340264875788,False
CCDB_ECOLI_Adkar_2012,ESM2 (15B),Prokaryote,Activity,High,101,0.264,0.0015940756902904898,0.04056215354235805,False
YNZC_BACSU_Tsuboyama_2023_2JVD,ESM2 (650M),Prokaryote,Stability,Medium,39,0.658,0.0015864682234095154,0.028187448886783314,False
CALM1_HUMAN_Weile_2017,ESM2 (3B),Human,OrganismalFitness,High,149,0.218,0.00158100238625456,0.012638723039996521,False
ENV_HV1BR_Haddox_2016,ESM2 (3B),Virus,OrganismalFitness,Medium,861,0.069,0.0015808522915256621,0.013706344106994317,False
RASK_HUMAN_Weng_2022_binding-DARPin_K55,ESM2 (3B),Human,Binding,High,188,0.563,0.0015598007282560966,0.0331445638092095,False
S22A1_HUMAN_Yee_2023_abundance,ESM2 (15B),Human,Expression,Medium,553,0.566,0.0015534429090960117,0.05539193775836051,False
PPARG_HUMAN_Majithia_2016,ESM2 (3B),Human,Activity,Medium,505,0.736,0.001548771725977246,0.010108069272818118,False
SCIN_STAAR_Tsuboyama_2023_2QFF,ESM2 (650M),Prokaryote,Stability,High,70,0.346,0.0015393400706171748,0.025204537729688954,False
PPM1D_HUMAN_Miller_2022,ESM2 (650M),Human,OrganismalFitness,Low,605,0.602,0.0015121512402216067,0.02135253256622808,False
VG08_BPP22_Tsuboyama_2023_2GP8,ESM2 (3B),Virus,Stability,High,40,0.611,0.0015116580320938802,0.019137604743866027,False
BRCA1_HUMAN_Findlay_2018,ESM2 (650M),Human,OrganismalFitness,Low,1863,0.515,0.0015057319877944744,0.041010800497359015,False
ACE2_HUMAN_Chan_2020,ESM2 (3B),Human,Binding,Medium,805,0.175,0.0015032155369028907,0.027988401938041425,False
A0A2Z5U3Z0_9INFA_Doud_2016,ESM2 (15B),Virus,OrganismalFitness,Medium,565,0.501,0.0014662593209908014,0.02929714306729068,False
TRPC_SACS2_Chan_2017,ESM2 (15B),Prokaryote,OrganismalFitness,Medium,248,0.601,0.0014535559673143166,0.025277687580850708,False
CAR11_HUMAN_Meitlis_2020_lof,ESM2 (650M),Human,OrganismalFitness,Low,1154,0.501,0.0014202270465992605,0.03617848145723923,False
PHOT_CHLRE_Chen_2023,ESM2 (3B),Eukaryote,Activity,High,118,0.714,0.0013999808557840078,0.02498812706011226,False
PAI1_HUMAN_Huttinger_2021,ESM2 (15B),Human,Activity,Medium,402,0.27,0.0013939840234923713,0.02625134681278915,False
GFP_AEQVI_Sarkisyan_2016,ESM2 (3B),Eukaryote,Activity,Low,238,0.149,0.0013915200614694025,0.025794100703512297,False
YAIA_ECOLI_Tsuboyama_2023_2KVT,ESM2 (650M),Prokaryote,Stability,Medium,52,0.625,0.0013786711477098582,0.030256312942731917,False
A4_HUMAN_Seuma_2022,ESM2 (15B),Human,Stability,Low,770,0.352,0.001369769415226178,0.08075508512435094,False
RL20_AQUAE_Tsuboyama_2023_1GYZ,ESM2 (15B),Prokaryote,Stability,High,59,0.676,0.0013579006401306334,0.02929072654057919,False
NPC1_HUMAN_Erwood_2022_RPE1,ESM2 (3B),Human,Activity,Low,1278,0.64,0.0013514921524386866,0.015282941579275419,False
GLPA_HUMAN_Elazar_2016,ESM2 (650M),Human,Expression,Low,150,0.425,0.0013449317661028554,0.07017426737827735,False
PSAE_PICP2_Tsuboyama_2023_1PSE,ESM2 (3B),Prokaryote,Stability,Medium,68,0.627,0.0013359129844053685,0.017354555719990106,False
AICDA_HUMAN_Gajula_2014_3cycles,ESM2 (15B),Human,Activity,Medium,198,0.262,0.0013335620714599664,0.028866515349685217,False
SYUA_HUMAN_Newberry_2020,ESM2 (3B),Human,OrganismalFitness,Medium,140,0.206,0.001310521725487527,0.01200679482193002,False
SDA_BACSU_Tsuboyama_2023_1PV0,ESM2 (15B),Prokaryote,Stability,Medium,44,0.596,0.0013092585544542971,0.030998769079683852,False
DLG4_HUMAN_Faure_2021,ESM2 (650M),Human,OrganismalFitness,Low,724,0.584,0.0013076684294694124,0.022306534146207955,False
MET_HUMAN_Estevam_2023,ESM2 (15B),Human,Activity,Medium,287,0.599,0.0013039688809113963,0.0255618768779581,False
SR43C_ARATH_Tsuboyama_2023_2N88,ESM2 (15B),Eukaryote,Stability,High,48,0.681,0.0013028946089541711,0.0285567704328174,False
Q2N0S5_9HIV1_Haddox_2018,ESM2 (3B),Virus,OrganismalFitness,Medium,860,0.093,0.0012954110463752695,0.013681247552235307,False
AMIE_PSEAE_Wrenbeck_2017,ESM2 (3B),Prokaryote,Activity,Medium,346,0.674,0.0012927275956299861,0.014343809729096645,False
I6TAH8_I68A0_Doud_2015,ESM2 (3B),Virus,OrganismalFitness,Medium,498,0.013,0.0012839771630833224,0.012822311501215258,False
RNC_ECOLI_Weeks_2023,ESM2 (650M),Prokaryote,Activity,Medium,226,0.596,0.0012820321107455265,0.032949007506443084,False
NRAM_I33A0_Jiang_2016,ESM2 (3B),Virus,OrganismalFitness,Medium,453,0.541,0.001253526781859019,0.011767741450066638,False
Q53Z42_HUMAN_McShan_2019_expression,ESM2 (650M),Human,Expression,Medium,365,0.554,0.0012524455874853846,0.046543141306643256,False
IF1_ECOLI_Kelsic_2016,ESM2 (650M),Prokaryote,OrganismalFitness,High,72,0.599,0.0012368751435563573,0.04243887761894408,False
GAL4_YEAST_Kitzman_2015,ESM2 (3B),Eukaryote,OrganismalFitness,Medium,881,0.67,0.0012157107411174806,0.01714084542842896,False
A4GRB6_PSEAI_Chen_2020,ESM2 (3B),Prokaryote,OrganismalFitness,High,266,0.712,0.001214357803050542,0.01079813306275278,False
SPG1_STRSG_Wu_2016,ESM2 (15B),Prokaryote,Binding,Medium,448,0.199,0.0012004140816946752,0.08376313199429386,False
LGK_LIPST_Klesmith_2015,ESM2 (15B),Eukaryote,Activity,Medium,439,0.578,0.001199928695290605,0.03663754001214618,False
A0A2Z5U3Z0_9INFA_Wu_2014,ESM2 (15B),Virus,OrganismalFitness,Medium,565,0.485,0.0011996204844104714,0.02929714306729068,False
SOX30_HUMAN_Tsuboyama_2023_7JJK,ESM2 (3B),Human,Stability,High,57,0.262,0.0011848868457877608,0.008475093668085179,False
ILF3_HUMAN_Tsuboyama_2023_2L33,ESM2 (3B),Human,Stability,High,71,0.282,0.001131844847908414,0.008780888250723394,False
YAIA_ECOLI_Tsuboyama_2023_2KVT,ESM2 (3B),Prokaryote,Stability,Medium,52,0.684,0.0011137897562588372,0.01223359071748754,False
P84126_THETH_Chan_2017,ESM2 (650M),Prokaryote,OrganismalFitness,Medium,254,0.605,0.0011106157284583966,0.024731265071976344,False
SRBS1_HUMAN_Tsuboyama_2023_2O2W,ESM2 (15B),Human,Stability,High,67,0.694,0.0011049532691905421,0.022370984607065103,False
NCAP_I34A1_Doud_2015,ESM2 (3B),Virus,OrganismalFitness,Medium,498,0.031,0.0010993777863904312,0.012822311501215258,False
RASH_HUMAN_Bandaru_2017,ESM2 (15B),Human,Activity,High,189,0.313,0.0010629484709936705,0.03124442145497816,False
CD19_HUMAN_Klesmith_2019_FMC_singles,ESM2 (15B),Human,Binding,Low,556,0.217,0.001050054066038527,0.06832523805705609,False
Q59976_STRSQ_Romero_2015,ESM2 (650M),Prokaryote,Activity,Medium,501,0.572,0.0010421317996641326,0.03781503776084379,False
MSH2_HUMAN_Jia_2020,ESM2 (650M),Human,OrganismalFitness,Medium,934,0.339,0.0010407550750584304,0.025798840235240615,False
MK01_HUMAN_Brenan_2016,ESM2 (3B),Human,OrganismalFitness,Medium,360,0.189,0.0010381523216913282,0.007806937409847899,False
RFAH_ECOLI_Tsuboyama_2023_2LCL,ESM2 (3B),Prokaryote,Stability,High,55,0.261,0.0010326378638752878,0.009645455462152744,False
KCNH2_HUMAN_Kozek_2020,ESM2 (3B),Human,Activity,Medium,1159,0.258,0.001023438506497646,0.014960330287085686,False
RBP1_HUMAN_Tsuboyama_2023_2KWH,ESM2 (3B),Human,Stability,High,52,0.328,0.001018665421687039,0.009955849663871596,False
OXDA_RHOTO_Vanella_2023_expression,ESM2 (3B),Eukaryote,Expression,High,364,0.351,0.0010140608106692659,0.03283319643838761,False
PA_I34A1_Wu_2015,ESM2 (3B),Virus,OrganismalFitness,Medium,716,0.041,0.0010132502055855994,0.012439489847174311,False
RL40A_YEAST_Roscoe_2013,ESM2 (15B),Eukaryote,OrganismalFitness,Medium,128,0.556,0.0010125959640378468,0.043423529919817475,False
PTEN_HUMAN_Matreyek_2021,ESM2 (15B),Human,Expression,Medium,403,0.29,0.0010048189533275723,0.04807166096147545,False
P84126_THETH_Chan_2017,ESM2 (15B),Prokaryote,OrganismalFitness,Medium,254,0.571,0.0010042991699287214,0.025240930870656222,False
GRB2_HUMAN_Faure_2021,ESM2 (15B),Human,OrganismalFitness,Medium,217,0.579,0.0009918689233638918,0.023563163819195952,False
DN7A_SACS2_Tsuboyama_2023_1JIC,ESM2 (650M),Prokaryote,Stability,Medium,55,0.337,0.0009882431879435743,0.028141757652027945,False
SHOC2_HUMAN_Kwon_2022,ESM2 (15B),Human,OrganismalFitness,Medium,582,0.29,0.0009713380709813933,0.020534778665776566,False
Q837P5_ENTFA_Meier_2023,ESM2 (650M),Prokaryote,Activity,Medium,571,0.374,0.0009566856649301809,0.04365341418652485,False
SPG1_STRSG_Wu_2016,ESM2 (3B),Prokaryote,Binding,Medium,448,0.165,0.0009511332938148196,0.033184235435957075,False
SUMO1_HUMAN_Weile_2017,ESM2 (15B),Human,OrganismalFitness,High,101,0.34,0.0009486253845532883,0.038789072314574256,False
CBPA2_HUMAN_Tsuboyama_2023_1O6X,ESM2 (650M),Human,Stability,Medium,72,0.702,0.00094165848798989,0.01999929979029019,False
CASP3_HUMAN_Roychowdhury_2020,ESM2 (650M),Human,Activity,High,258,0.638,0.0009389451026659392,0.02871662133474199,False
RASK_HUMAN_Weng_2022_binding-DARPin_K55,ESM2 (15B),Human,Binding,High,188,0.446,0.0009307600221741064,0.0836629934898495,False
PPARG_HUMAN_Majithia_2016,ESM2 (650M),Human,Activity,Medium,505,0.594,0.0009196117895306904,0.024999439185750958,False
ANCSZ_Hobbs_2022,ESM2 (3B),Eukaryote,Activity,Medium,627,0.598,0.0009053195671014012,0.015572068674609951,False
RCRO_LAMBD_Tsuboyama_2023_1ORC,ESM2 (3B),Virus,Stability,High,63,0.573,0.0008946481751736207,0.017449530619553236,False
A0A192B1T2_9HIV1_Haddox_2018,ESM2 (3B),Virus,OrganismalFitness,Medium,852,0.132,0.0008942138502858542,0.01363053216715567,False
SDA_BACSU_Tsuboyama_2023_1PV0,ESM2 (650M),Prokaryote,Stability,Medium,44,0.594,0.0008935192001619995,0.030372840801442057,False
SBI_STAAM_Tsuboyama_2023_2JVG,ESM2 (15B),Prokaryote,Stability,Medium,56,0.318,0.0008928471455531235,0.028338031469267666,False
SPTN1_CHICK_Tsuboyama_2023_1TUD,ESM2 (15B),Eukaryote,Stability,High,60,0.657,0.0008838187153992501,0.02918544197432073,False
ERBB2_HUMAN_Elazar_2016,ESM2 (15B),Human,Expression,Low,1255,0.295,0.0008807955321531641,0.0637776097921713,False
TPMT_HUMAN_Matreyek_2018,ESM2 (650M),Human,Expression,Medium,245,0.539,0.0008796611020857586,0.04777730047881536,False
BRCA2_HUMAN_Erwood_2022_HEK293T,ESM2 (15B),Human,OrganismalFitness,Low,3418,0.473,0.0008591403338724209,0.06068366405851617,False
CP2C9_HUMAN_Amorosi_2021_abundance,ESM2 (3B),Human,Expression,High,490,0.626,0.000858363786982195,0.02331056008053046,False
RS15_GEOSE_Tsuboyama_2023_1A32,ESM2 (15B),Prokaryote,Stability,Medium,63,0.33,0.0008580226964035705,0.025784327414770533,False
POLG_CXB3N_Mattenberger_2021,ESM2 (15B),Virus,OrganismalFitness,Medium,2185,0.426,0.0008508338920513511,0.045186305275123885,False
CAPSD_AAV2S_Sinai_2021,ESM2 (650M),Virus,OrganismalFitness,Low,735,0.277,0.0008476993763149329,0.03890116302719164,False
SRBS1_HUMAN_Tsuboyama_2023_2O2W,ESM2 (650M),Human,Stability,High,67,0.734,0.0008088926051600631,0.021919268868234337,False
A0A2Z5U3Z0_9INFA_Doud_2016,ESM2 (3B),Virus,OrganismalFitness,Medium,565,0.498,0.000802600282341305,0.011606577619520235,False
FKBP3_HUMAN_Tsuboyama_2023_2KFV,ESM2 (3B),Human,Stability,Medium,69,0.265,0.0007975321128812884,0.013102287347998813,False
OBSCN_HUMAN_Tsuboyama_2023_1V1C,ESM2 (3B),Human,Stability,High,65,0.786,0.0007840413998175777,0.008866075867215144,False
ISDH_STAAW_Tsuboyama_2023_2LHR,ESM2 (650M),Prokaryote,Stability,High,55,0.429,0.0007830625428951617,0.025122391576996563,False
TCRG1_MOUSE_Tsuboyama_2023_1E0L,ESM2 (3B),Eukaryote,Stability,Medium,37,0.707,0.0007796938387686509,0.011885173127584657,False
UBE4B_HUMAN_Tsuboyama_2023_3L1X,ESM2 (650M),Human,Stability,High,69,0.46,0.0007757357051917177,0.023088632061985467,False
CASP7_HUMAN_Roychowdhury_2020,ESM2 (650M),Human,Activity,Medium,281,0.622,0.0007678096344516063,0.02759205304352701,False
MET_HUMAN_Estevam_2023,ESM2 (650M),Human,Activity,Medium,287,0.59,0.0007535937372843501,0.025045730525768414,False
PPM1D_HUMAN_Miller_2022,ESM2 (3B),Human,OrganismalFitness,Low,605,0.628,0.0007453646361198585,0.008633508804971792,False
EPHB2_HUMAN_Tsuboyama_2023_1F0M,ESM2 (3B),Human,Stability,High,66,0.769,0.000743555979016714,0.00808211239874288,False
AICDA_HUMAN_Gajula_2014_3cycles,ESM2 (650M),Human,Activity,Medium,198,0.328,0.0007431500666958469,0.02828364161669203,False
CAR11_HUMAN_Meitlis_2020_lof,ESM2 (3B),Human,OrganismalFitness,Low,1154,0.533,0.0007109258740803384,0.014628112016351776,False
SBI_STAAM_Tsuboyama_2023_2JVG,ESM2 (3B),Prokaryote,Stability,Medium,56,0.658,0.0007108452551193035,0.011226608720072678,False
SRC_HUMAN_Ahler_2019,ESM2 (650M),Human,Activity,Medium,536,0.555,0.0007028439036764745,0.02578206817006315,False
S22A1_HUMAN_Yee_2023_abundance,ESM2 (3B),Human,Expression,Medium,553,0.599,0.0006948102973707883,0.021944488703604496,False
TPK1_HUMAN_Weile_2017,ESM2 (650M),Human,OrganismalFitness,Medium,243,0.339,0.0006855269594140163,0.021361521553306045,False
TRPC_SACS2_Chan_2017,ESM2 (3B),Prokaryote,OrganismalFitness,Medium,248,0.632,0.0006787046767085272,0.01001419975576676,False
Q837P4_ENTFA_Meier_2023,ESM2 (15B),Prokaryote,Activity,Medium,589,0.523,0.0006726287040957181,0.045056180660347014,False
A0A2Z5U3Z0_9INFA_Wu_2014,ESM2 (3B),Virus,OrganismalFitness,Medium,565,0.481,0.0006723045514145922,0.011606577619520235,False
PR40A_HUMAN_Tsuboyama_2023_1UZC,ESM2 (3B),Human,Stability,Medium,63,0.74,0.0006721925160180282,0.00810822437995862,False
RDRP_I33A0_Li_2023,ESM2 (650M),Virus,OrganismalFitness,Medium,757,0.322,0.000665590736304757,0.031134836077375175,False
AMFR_HUMAN_Tsuboyama_2023_4G3O,ESM2 (3B),Human,Stability,Medium,47,0.297,0.0006600817919732011,0.00960034564703974,False
PTEN_HUMAN_Mighell_2018,ESM2 (15B),Human,Activity,Medium,403,0.291,0.0006598263249564003,0.025517752819751,False
MBD11_ARATH_Tsuboyama_2023_6ACV,ESM2 (3B),Eukaryote,Stability,Medium,66,0.685,0.0006547010353924918,0.011379154181044666,False
SR43C_ARATH_Tsuboyama_2023_2N88,ESM2 (650M),Eukaryote,Stability,High,48,0.675,0.0006522140334053683,0.027980151080506586,False
VRPI_BPT7_Tsuboyama_2023_2WNM,ESM2 (15B),Virus,Stability,Medium,56,0.468,0.0006453840672996709,0.04518787744816246,False
RL20_AQUAE_Tsuboyama_2023_1GYZ,ESM2 (650M),Prokaryote,Stability,High,59,0.699,0.0006373864343577705,0.02869928711971484,False
SPTN1_CHICK_Tsuboyama_2023_1TUD,ESM2 (3B),Eukaryote,Stability,High,60,0.726,0.0006236563746219244,0.011562325270314618,False
RNC_ECOLI_Weeks_2023,ESM2 (3B),Prokaryote,Activity,Medium,226,0.595,0.0006185324735322124,0.013322332867993347,False
HECD1_HUMAN_Tsuboyama_2023_3DKM,ESM2 (650M),Human,Stability,Medium,72,0.387,0.000617225432163526,0.021614190219003484,False
UBR5_HUMAN_Tsuboyama_2023_1I2T,ESM2 (15B),Human,Stability,Medium,58,0.601,0.0006158173146954074,0.023345752304149626,False
RL40A_YEAST_Roscoe_2014,ESM2 (650M),Eukaryote,Activity,Medium,128,0.53,0.0006134612991274141,0.04123633090279967,False
CASP7_HUMAN_Roychowdhury_2020,ESM2 (15B),Human,Activity,Medium,281,0.562,0.0006133055296187139,0.0281606744104777,False
KKA2_KLEPN_Melnikov_2014,ESM2 (3B),Prokaryote,OrganismalFitness,High,264,0.645,0.0006098306949922737,0.012131944460559483,False
PTEN_HUMAN_Matreyek_2021,ESM2 (3B),Human,Expression,Medium,403,0.265,0.000609142988578099,0.01904443252255393,False
MTHR_HUMAN_Weile_2021,ESM2 (15B),Human,OrganismalFitness,Low,656,0.285,0.0006074768659152507,0.0203910380993167,False
CBPA2_HUMAN_Tsuboyama_2023_1O6X,ESM2 (3B),Human,Stability,Medium,72,0.727,0.0006057928547864019,0.008086353705219623,False
KKA2_KLEPN_Melnikov_2014,ESM2 (650M),Prokaryote,OrganismalFitness,High,264,0.601,0.0005899151885077187,0.03000491978841658,False
LYAM1_HUMAN_Elazar_2016,ESM2 (15B),Human,Expression,Medium,372,0.454,0.000578812199959124,0.051583508667284825,False
CATR_CHLRE_Tsuboyama_2023_2AMI,ESM2 (15B),Eukaryote,Stability,High,72,0.644,0.0005756982317465981,0.036108999998634345,False
MSH2_HUMAN_Jia_2020,ESM2 (3B),Human,OrganismalFitness,Medium,934,0.296,0.0005712174638933017,0.010431292570947532,False
RL40A_YEAST_Mavor_2016,ESM2 (15B),Eukaryote,OrganismalFitness,Medium,128,0.527,0.0005585780669835614,0.043423529919817475,False
DNJA1_HUMAN_Tsuboyama_2023_2LO1,ESM2 (3B),Human,Stability,High,65,0.753,0.0005583420097066856,0.009330761751552008,False
GCN4_YEAST_Staller_2018,ESM2 (15B),Eukaryote,Binding,Low,281,0.248,0.0005555409584697777,0.08789401889754998,False
HSP82_YEAST_Cote-Hammarlof_2020_growth-H2O2,ESM2 (3B),Eukaryote,OrganismalFitness,Medium,709,0.309,0.0005501162834773529,0.015094794679511801,False
RAD_ANTMA_Tsuboyama_2023_2CJJ,ESM2 (650M),Eukaryote,Stability,High,54,0.493,0.000548129873139521,0.031223395287804084,False
RD23A_HUMAN_Tsuboyama_2023_1IFY,ESM2 (15B),Human,Stability,High,44,0.39,0.0005476203940964514,0.022179358312581686,False
NUD15_HUMAN_Suiter_2020,ESM2 (3B),Human,Expression,High,164,0.583,0.0005412148862181344,0.02256811147366882,False
YNZC_BACSU_Tsuboyama_2023_2JVD,ESM2 (3B),Prokaryote,Stability,Medium,39,0.631,0.0005342288811865266,0.011397083104729117,False
OXDA_RHOTO_Vanella_2023_activity,ESM2 (15B),Eukaryote,Activity,High,364,0.401,0.0005263718530730816,0.045853586100671986,False
Q53Z42_HUMAN_McShan_2019_expression,ESM2 (3B),Human,Expression,Medium,365,0.55,0.0005246421756838907,0.018818874015792426,False
AMIE_PSEAE_Wrenbeck_2017,ESM2 (650M),Prokaryote,Activity,Medium,346,0.557,0.0005184424392578177,0.03547534047662504,False
SAV1_MOUSE_Tsuboyama_2023_2YSB,ESM2 (15B),Eukaryote,Stability,High,43,0.406,0.0005049082637167527,0.02848842438920411,False
P53_HUMAN_Giacomelli_2018_Null_Etoposide,ESM2 (15B),Human,OrganismalFitness,Low,393,0.497,0.0004975199712531226,0.02572561543865896,False
IF1_ECOLI_Kelsic_2016,ESM2 (15B),Prokaryote,OrganismalFitness,High,72,0.515,0.0004891931007062803,0.04331346468085893,False
SR43C_ARATH_Tsuboyama_2023_2N88,ESM2 (3B),Eukaryote,Stability,High,48,0.698,0.00047795599300610444,0.01131326600105814,False
NRAM_I33A0_Jiang_2016,ESM2 (650M),Virus,OrganismalFitness,Medium,453,0.161,0.00047465849835992487,0.02910416705648111,False
Q53Z42_HUMAN_McShan_2019_binding-TAPBPR,ESM2 (650M),Human,Binding,Medium,365,0.33,0.00045760976656931013,0.06909760800293058,False
P84126_THETH_Chan_2017,ESM2 (3B),Prokaryote,OrganismalFitness,Medium,254,0.596,0.0004521513060460675,0.009999637939656206,False
C6KNH7_9INFA_Lee_2018,ESM2 (15B),Virus,OrganismalFitness,Medium,566,0.426,0.0004472556566443029,0.029297927206641664,False
CBX4_HUMAN_Tsuboyama_2023_2K28,ESM2 (650M),Human,Stability,High,50,0.682,0.00044420209211310695,0.021313697382553246,False
MTH3_HAEAE_RockahShmuel_2015,ESM2 (3B),Prokaryote,OrganismalFitness,Medium,330,0.608,0.0004426019737821998,0.010800407254254461,False
BLAT_ECOLX_Deng_2012,ESM2 (15B),Prokaryote,OrganismalFitness,High,286,0.352,0.0004424926725987338,0.028908400893123094,False
Q59976_STRSQ_Romero_2015,ESM2 (3B),Prokaryote,Activity,Medium,501,0.56,0.00044000074615667926,0.015289823839676649,False
OPSD_HUMAN_Wan_2019,ESM2 (650M),Human,Expression,High,348,0.552,0.0004398741501049103,0.05155370223112248,False
POLG_CXB3N_Mattenberger_2021,ESM2 (3B),Virus,OrganismalFitness,Medium,2185,0.404,0.00043908359851141973,0.017901348206904272,False
SDA_BACSU_Tsuboyama_2023_1PV0,ESM2 (3B),Prokaryote,Stability,Medium,44,0.598,0.0004365615893798788,0.012280706641141004,False
BBC1_YEAST_Tsuboyama_2023_1TG0,ESM2 (650M),Eukaryote,Stability,High,64,0.479,0.0004304693425236711,0.02880463663716178,False
RS15_GEOSE_Tsuboyama_2023_1A32,ESM2 (650M),Prokaryote,Stability,Medium,63,0.409,0.00042988355085362475,0.025263689333211107,False
PIN1_HUMAN_Tsuboyama_2023_1I6C,ESM2 (650M),Human,Stability,High,39,0.67,0.00042636412034516855,0.02299998256264767,False
SBI_STAAM_Tsuboyama_2023_2JVG,ESM2 (650M),Prokaryote,Stability,Medium,56,0.573,0.0004248835557499112,0.027765828902103613,False
HSP82_YEAST_Flynn_2019,ESM2 (15B),Eukaryote,OrganismalFitness,Medium,709,0.37,0.00041843780629521415,0.03778326974588979,False
R1AB_SARS2_Flynn_2022,ESM2 (650M),Virus,OrganismalFitness,Medium,306,0.105,0.0004181453089020555,0.04168164244516381,False
SQSTM_MOUSE_Tsuboyama_2023_2RRU,ESM2 (650M),Eukaryote,Stability,Medium,40,0.618,0.0004166331574929158,0.0286005016476844,False
KCNJ2_MOUSE_Coyote-Maestas_2022_surface,ESM2 (15B),Eukaryote,Expression,Medium,428,0.354,0.0004148232148261855,0.07200132085121534,False
DYR_ECOLI_Thompson_2019,ESM2 (15B),Prokaryote,OrganismalFitness,Medium,159,0.512,0.00040815854599298096,0.02823911260277495,False
FECA_ECOLI_Tsuboyama_2023_2D1U,ESM2 (15B),Prokaryote,Stability,High,72,0.386,0.0004079462753913555,0.02594599809992435,False
SC6A4_HUMAN_Young_2021,ESM2 (15B),Human,Activity,Medium,630,0.524,0.0004079202262990455,0.02757159013489149,False
GFP_AEQVI_Sarkisyan_2016,ESM2 (15B),Eukaryote,Activity,Low,238,0.29,0.00040482894635773884,0.06510906861398645,False
OXDA_RHOTO_Vanella_2023_activity,ESM2 (3B),Eukaryote,Activity,High,364,0.39,0.00040443920117541767,0.018165703221929223,False
CCR5_HUMAN_Gill_2023,ESM2 (3B),Human,Binding,High,352,0.339,0.00040065297073261044,0.0335880940469697,False
RL40A_YEAST_Mavor_2016,ESM2 (650M),Eukaryote,OrganismalFitness,Medium,128,0.518,0.0004004493176891157,0.04254672041657478,False
LGK_LIPST_Klesmith_2015,ESM2 (3B),Eukaryote,Activity,Medium,439,0.58,0.0003998810759845744,0.014514604750454874,False
MET_HUMAN_Estevam_2023,ESM2 (3B),Human,Activity,Medium,287,0.596,0.00039720863178364853,0.010126786335555055,False
CSN4_MOUSE_Tsuboyama_2023_1UFM,ESM2 (15B),Eukaryote,Stability,Medium,72,0.415,0.0003903089021617355,0.028100991741277243,False
VKOR1_HUMAN_Chiasson_2020_abundance,ESM2 (650M),Human,Expression,Medium,163,0.493,0.00038975515752638894,0.05178888074751702,False
KCNJ2_MOUSE_Coyote-Maestas_2022_surface,ESM2 (650M),Eukaryote,Expression,Medium,428,0.352,0.0003871476211065938,0.07054746754898625,False
BRCA1_HUMAN_Findlay_2018,ESM2 (3B),Human,OrganismalFitness,Low,1863,0.497,0.0003862097815571389,0.016581972470698654,False
UBC9_HUMAN_Weile_2017,ESM2 (15B),Human,OrganismalFitness,Medium,159,0.538,0.0003851951470554335,0.02807525882810357,False
B2L11_HUMAN_Dutta_2010_binding-Mcl-1,ESM2 (3B),Human,Binding,Low,198,0.367,0.0003797271976215925,0.032235977847138594,False
RDRP_I33A0_Li_2023,ESM2 (3B),Virus,OrganismalFitness,Medium,757,0.389,0.00037802822655577027,0.012588805593979999,False
HECD1_HUMAN_Tsuboyama_2023_3DKM,ESM2 (3B),Human,Stability,Medium,72,0.34,0.0003766323585167956,0.008739305325460326,False
VKOR1_HUMAN_Chiasson_2020_abundance,ESM2 (15B),Human,Expression,Medium,163,0.472,0.0003720281022952028,0.05285615414384762,False
HMDH_HUMAN_Jiang_2019,ESM2 (650M),Human,OrganismalFitness,Low,888,0.509,0.0003713737266715994,0.022955747390140308,False
HECD1_HUMAN_Tsuboyama_2023_3DKM,ESM2 (15B),Human,Stability,Medium,72,0.385,0.0003658059037803771,0.022059618849068575,False
UBE4B_MOUSE_Starita_2013,ESM2 (15B),Eukaryote,Activity,Low,1173,0.349,0.0003589344391792378,0.050747966431516786,False
YAP1_HUMAN_Araya_2012,ESM2 (3B),Human,Binding,Low,504,0.382,0.00035719415717401336,0.027818390699784326,False
POLG_DEN26_Suphatrakul_2023,ESM2 (15B),Virus,OrganismalFitness,Low,900,0.366,0.00035484291539056664,0.03541685337917876,False
HEM3_HUMAN_Loggerenberg_2023,ESM2 (650M),Human,Activity,Medium,361,0.393,0.00035421250752185117,0.02552077692681064,False
LYAM1_HUMAN_Elazar_2016,ESM2 (650M),Human,Expression,Medium,372,0.31,0.0003527748573377823,0.05054193257493135,False
PTEN_HUMAN_Mighell_2018,ESM2 (650M),Human,Activity,Medium,403,0.519,0.0003487352194645858,0.025002497422157346,False
REV_HV1H2_Fernandes_2016,ESM2 (15B),Virus,OrganismalFitness,High,116,0.274,0.0003468532460301511,0.05286248089618105,False
OTC_HUMAN_Lo_2023,ESM2 (15B),Human,Activity,Medium,354,0.534,0.00034587104717411085,0.027266032667129448,False
CCR5_HUMAN_Gill_2023,ESM2 (15B),Human,Binding,High,352,0.341,0.00034288476016668655,0.08478254563142798,False
TPOR_HUMAN_Bridgford_2020,ESM2 (650M),Human,OrganismalFitness,Low,635,0.29,0.0003333847896452137,0.02587191649015964,False
Q53Z42_HUMAN_McShan_2019_binding-TAPBPR,ESM2 (3B),Human,Binding,Medium,365,0.287,0.00032961957761357846,0.027938363060470088,False
CBS_HUMAN_Sun_2020,ESM2 (650M),Human,OrganismalFitness,Medium,551,0.342,0.00032729691831140693,0.01795991050686028,False
RL20_AQUAE_Tsuboyama_2023_1GYZ,ESM2 (3B),Prokaryote,Stability,High,59,0.68,0.0003271516997679182,0.011604035599803367,False
DN7A_SACS2_Tsuboyama_2023_1JIC,ESM2 (15B),Prokaryote,Stability,Medium,55,0.37,0.00032311691249113937,0.028721707417971316,False
PTEN_HUMAN_Matreyek_2021,ESM2 (650M),Human,Expression,Medium,403,0.465,0.000320522934134473,0.04710099622635343,False
BRCA2_HUMAN_Erwood_2022_HEK293T,ESM2 (3B),Human,OrganismalFitness,Low,3418,0.464,0.0003201634871819432,0.024040898988489406,False
DN7A_SACS2_Tsuboyama_2023_1JIC,ESM2 (3B),Prokaryote,Stability,Medium,55,0.337,0.00031471627619134447,0.011378608683657653,False
F7YBW8_MESOW_Aakre_2015,ESM2 (650M),Prokaryote,OrganismalFitness,High,93,0.383,0.0003125285060267868,0.03591433402817594,False
SQSTM_MOUSE_Tsuboyama_2023_2RRU,ESM2 (3B),Eukaryote,Stability,Medium,40,0.64,0.000312045372802455,0.011564093488021898,False
CUE1_YEAST_Tsuboyama_2023_2MYX,ESM2 (650M),Eukaryote,Stability,Medium,52,0.547,0.00030977109043432927,0.03320325004748867,False
CBX4_HUMAN_Tsuboyama_2023_2K28,ESM2 (15B),Human,Stability,High,50,0.606,0.00030465421127537015,0.021752933409003385,False
IF1_ECOLI_Kelsic_2016,ESM2 (3B),Prokaryote,OrganismalFitness,High,72,0.556,0.00030334056570567293,0.017159389522523417,False
BLAT_ECOLX_Stiffler_2015,ESM2 (3B),Prokaryote,OrganismalFitness,High,286,0.589,0.0002998606437387436,0.011452570581765933,False
NKX31_HUMAN_Tsuboyama_2023_2L9R,ESM2 (15B),Human,Stability,High,61,0.602,0.00029645546992240046,0.020569906767768095,False
BLAT_ECOLX_Jacquier_2013,ESM2 (3B),Prokaryote,OrganismalFitness,High,286,0.588,0.00029502150814782836,0.011452570581765933,False
PAI1_HUMAN_Huttinger_2021,ESM2 (3B),Human,Activity,Medium,402,0.335,0.0002942573315014989,0.010399931955814403,False
SC6A4_HUMAN_Young_2021,ESM2 (650M),Human,Activity,Medium,630,0.543,0.0002930296014510874,0.027014863579164092,False
FKBP3_HUMAN_Tsuboyama_2023_2KFV,ESM2 (15B),Human,Stability,Medium,69,0.378,0.00029252831737277635,0.03307259034717419,False
SPG1_STRSG_Olson_2014,ESM2 (3B),Prokaryote,Binding,Low,448,0.251,0.00028634158663198584,0.04571697813311468,False
TRPC_THEMA_Chan_2017,ESM2 (15B),Prokaryote,OrganismalFitness,Medium,252,0.499,0.0002731969248854018,0.02524655352058065,False
MTHR_HUMAN_Weile_2021,ESM2 (3B),Human,OrganismalFitness,Low,656,0.276,0.00027263115920744656,0.008078267764837055,False
CBS_HUMAN_Sun_2020,ESM2 (15B),Human,OrganismalFitness,Medium,551,0.339,0.00027143254153400443,0.01833003116611721,False
NKX31_HUMAN_Tsuboyama_2023_2L9R,ESM2 (650M),Human,Stability,High,61,0.651,0.0002686060496532759,0.020154558458496636,False
MAFG_MOUSE_Tsuboyama_2023_1K1V,ESM2 (3B),Eukaryote,Stability,Medium,41,0.551,0.00026840116204998235,0.016233652735980257,False
ERBB2_HUMAN_Elazar_2016,ESM2 (650M),Human,Expression,Low,1255,0.423,0.0002648232170375322,0.06248980996421766,False
TPK1_HUMAN_Weile_2017,ESM2 (3B),Human,OrganismalFitness,Medium,243,0.328,0.0002640295997921887,0.008637143338666794,False
CCDB_ECOLI_Tripathi_2016,ESM2 (15B),Prokaryote,OrganismalFitness,High,101,0.362,0.00025390551207431255,0.035065217068772664,False
P53_HUMAN_Giacomelli_2018_WT_Nutlin,ESM2 (15B),Human,OrganismalFitness,Low,393,0.467,0.0002529599982276972,0.02572561543865896,False
DYR_ECOLI_Nguyen_2023,ESM2 (15B),Prokaryote,OrganismalFitness,High,159,0.511,0.00025120400694332454,0.031056167407140848,False
VILI_CHICK_Tsuboyama_2023_1YU5,ESM2 (15B),Eukaryote,Stability,High,65,0.478,0.00024888920057922404,0.03311386539129065,False
VILI_CHICK_Tsuboyama_2023_1YU5,ESM2 (650M),Eukaryote,Stability,High,65,0.662,0.0002465008569101619,0.03244522901101951,False
UBE4B_MOUSE_Starita_2013,ESM2 (650M),Eukaryote,Activity,Low,1173,0.459,0.00024645684609780595,0.0497232616385265,False
A4D664_9INFA_Soh_2019,ESM2 (650M),Virus,OrganismalFitness,Medium,759,0.149,0.0002444739378354226,0.030846683282443502,False
S22A1_HUMAN_Yee_2023_activity,ESM2 (15B),Human,Activity,Medium,553,0.525,0.00024306608584581755,0.03177233396868464,False
KCNE1_HUMAN_Muhammad_2023_function,ESM2 (3B),Human,Activity,Medium,129,0.465,0.0002378754608413142,0.01846861017012445,False
RS15_GEOSE_Tsuboyama_2023_1A32,ESM2 (3B),Prokaryote,Stability,Medium,63,0.372,0.0002341458582902546,0.01021491402145558,False
S22A1_HUMAN_Yee_2023_activity,ESM2 (650M),Human,Activity,Medium,553,0.575,0.00023349819301882502,0.03113078583993083,False
NUSA_ECOLI_Tsuboyama_2023_1WCL,ESM2 (650M),Prokaryote,Stability,High,69,0.494,0.00023320551053896633,0.026822546745159097,False
Q837P4_ENTFA_Meier_2023,ESM2 (3B),Prokaryote,Activity,Medium,589,0.545,0.00023185077282912898,0.017849797056058325,False
C6KNH7_9INFA_Lee_2018,ESM2 (3B),Virus,OrganismalFitness,Medium,566,0.405,0.00023071799332706217,0.011606888270091889,False
TPK1_HUMAN_Weile_2017,ESM2 (15B),Human,OrganismalFitness,Medium,243,0.371,0.0002301937045779811,0.02180174314778565,False
SPTN1_CHICK_Tsuboyama_2023_1TUD,ESM2 (650M),Eukaryote,Stability,High,60,0.637,0.0002286125404774263,0.02859612846326635,False
BLAT_ECOLX_Firnberg_2014,ESM2 (3B),Prokaryote,OrganismalFitness,High,286,0.573,0.00022715829138231274,0.011452570581765933,False
SUMO1_HUMAN_Weile_2017,ESM2 (3B),Human,OrganismalFitness,High,101,0.38,0.00022617843634517855,0.015366972048238147,False
HXK4_HUMAN_Gersing_2023_abundance,ESM2 (650M),Human,Expression,Medium,465,0.367,0.00022465452357207043,0.04711304959447101,False
A0A140D2T1_ZIKV_Sourisseau_2019,ESM2 (650M),Virus,OrganismalFitness,Medium,3423,0.213,0.00022427719392704442,0.05746826866269279,False
PTEN_HUMAN_Mighell_2018,ESM2 (3B),Human,Activity,Medium,403,0.308,0.00022227995867794031,0.010109305815174875,False
HSP82_YEAST_Flynn_2019,ESM2 (3B),Eukaryote,OrganismalFitness,Medium,709,0.359,0.00021754146688119782,0.014968505700972261,False
RAD_ANTMA_Tsuboyama_2023_2CJJ,ESM2 (3B),Eukaryote,Stability,High,54,0.467,0.00021546881320690366,0.012624612902580415,False
A0A140D2T1_ZIKV_Sourisseau_2019,ESM2 (15B),Virus,OrganismalFitness,Medium,3423,0.375,0.00021025572448096774,0.05865258377805302,False
SCIN_STAAR_Tsuboyama_2023_2QFF,ESM2 (15B),Prokaryote,Stability,High,70,0.414,0.00020984637349153397,0.02572395680570358,False
KCNJ2_MOUSE_Coyote-Maestas_2022_surface,ESM2 (3B),Eukaryote,Expression,Medium,428,0.343,0.0002059732593560414,0.02852458744008499,False
AACC1_PSEAI_Dandage_2018,ESM2 (15B),Prokaryote,OrganismalFitness,High,177,0.518,0.00020375534221535042,0.035542407258680034,False
CCDB_ECOLI_Tripathi_2016,ESM2 (650M),Prokaryote,OrganismalFitness,High,101,0.511,0.0002029982192507992,0.03435717892410916,False
P53_HUMAN_Giacomelli_2018_Null_Nutlin,ESM2 (15B),Human,OrganismalFitness,Low,393,0.459,0.000201581283398242,0.02572561543865896,False
SPG2_STRSG_Tsuboyama_2023_5UBS,ESM2 (15B),Prokaryote,Stability,Medium,56,0.528,0.0002000557777013515,0.02600960152665252,False
SRBS1_HUMAN_Tsuboyama_2023_2O2W,ESM2 (3B),Human,Stability,High,67,0.673,0.00019871755888313923,0.00886265833738871,False
SERC_HUMAN_Xie_2023,ESM2 (15B),Human,OrganismalFitness,High,370,0.543,0.00019854678926917713,0.025338014593109325,False
F7YBW8_MESOW_Ding_2023,ESM2 (15B),Prokaryote,OrganismalFitness,High,93,0.479,0.00019682853479808794,0.0366544622700291,False
A0A140D2T1_ZIKV_Sourisseau_2019,ESM2 (3B),Virus,OrganismalFitness,Medium,3423,0.363,0.00019451368973879537,0.023236250874080197,False
DYR_ECOLI_Nguyen_2023,ESM2 (650M),Prokaryote,OrganismalFitness,High,159,0.544,0.00019371062384339989,0.030429080139773163,False
HXK4_HUMAN_Gersing_2023_abundance,ESM2 (15B),Human,Expression,Medium,465,0.358,0.00019061887456569917,0.048083962727298146,False
CASP3_HUMAN_Roychowdhury_2020,ESM2 (15B),Human,Activity,High,258,0.514,0.0001840718113871058,0.0293084179818348,False
SC6A4_HUMAN_Young_2021,ESM2 (3B),Human,Activity,Medium,630,0.548,0.00018313450571237695,0.010922969528434998,False
CASP7_HUMAN_Roychowdhury_2020,ESM2 (3B),Human,Activity,Medium,281,0.572,0.00018155606375684638,0.011156345607233057,False
ADRB2_HUMAN_Jones_2020,ESM2 (15B),Human,Activity,Medium,413,0.515,0.0001814403478653272,0.028923669993815942,False
SCIN_STAAR_Tsuboyama_2023_2QFF,ESM2 (3B),Prokaryote,Stability,High,70,0.406,0.00018009379651216266,0.010190997144698554,False
GRB2_HUMAN_Faure_2021,ESM2 (3B),Human,OrganismalFitness,Medium,217,0.535,0.00017886002333786021,0.009334961064319929,False
RAF1_HUMAN_Zinkus-Boltz_2019,ESM2 (650M),Human,OrganismalFitness,Low,648,0.473,0.00017557294013647004,0.021249409946581872,False
BLAT_ECOLX_Jacquier_2013,ESM2 (15B),Prokaryote,OrganismalFitness,High,286,0.503,0.00017494632989844788,0.028908400893123094,False
LGK_LIPST_Klesmith_2015,ESM2 (650M),Eukaryote,Activity,Medium,439,0.515,0.00017151193921505832,0.03589775346514271,False
CSN4_MOUSE_Tsuboyama_2023_1UFM,ESM2 (3B),Eukaryote,Stability,Medium,72,0.423,0.00017028996879427233,0.01113270126993286,False
MTHR_HUMAN_Weile_2021,ESM2 (650M),Human,OrganismalFitness,Low,656,0.348,0.00016970209795743089,0.019979301512736136,False
BBC1_YEAST_Tsuboyama_2023_1TG0,ESM2 (3B),Eukaryote,Stability,High,64,0.458,0.00016723081460305332,0.01164663176415329,False
NUD15_HUMAN_Suiter_2020,ESM2 (650M),Human,Expression,High,164,0.526,0.0001624683837472292,0.055815815572258884,False
CCDB_ECOLI_Tripathi_2016,ESM2 (3B),Prokaryote,OrganismalFitness,High,101,0.522,0.00016170685620388577,0.013891701409903812,False
AICDA_HUMAN_Gajula_2014_3cycles,ESM2 (3B),Human,Activity,Medium,198,0.347,0.00015792387931775882,0.011435976888315004,False
UBE4B_HUMAN_Tsuboyama_2023_3L1X,ESM2 (3B),Human,Stability,High,69,0.467,0.00015604815028003792,0.009335469110450266,False
SRC_HUMAN_Ahler_2019,ESM2 (3B),Human,Activity,Medium,536,0.515,0.00015488438482128342,0.010424511090955055,False
MTH3_HAEAE_RockahShmuel_2015,ESM2 (650M),Prokaryote,OrganismalFitness,Medium,330,0.527,0.00015236669561956355,0.026711740595224662,False
CATR_CHLRE_Tsuboyama_2023_2AMI,ESM2 (650M),Eukaryote,Stability,High,72,0.658,0.0001514480303044861,0.03537988575090147,False
KCNJ2_MOUSE_Coyote-Maestas_2022_function,ESM2 (650M),Eukaryote,Activity,Medium,428,0.382,0.00014989205193853964,0.03472991892138337,False
UBR5_HUMAN_Tsuboyama_2023_1I2T,ESM2 (3B),Human,Stability,Medium,58,0.591,0.00014870774551914147,0.009248829675366181,False
VKOR1_HUMAN_Chiasson_2020_abundance,ESM2 (3B),Human,Expression,Medium,163,0.484,0.0001486575069897758,0.0209398935019307,False
PA_I34A1_Wu_2015,ESM2 (15B),Virus,OrganismalFitness,Medium,716,0.356,0.00014810871707475755,0.0313995671836846,False
CBS_HUMAN_Sun_2020,ESM2 (3B),Human,OrganismalFitness,Medium,551,0.329,0.00014677063079295843,0.0072617636815001186,False
OPSD_HUMAN_Wan_2019,ESM2 (15B),Human,Expression,High,348,0.482,0.00014468596585919162,0.052616129031614084,False
HXK4_HUMAN_Gersing_2022_activity,ESM2 (650M),Human,OrganismalFitness,Medium,465,0.517,0.00014458294588939007,0.01757834601119354,False
SRC_HUMAN_Ahler_2019,ESM2 (15B),Human,Activity,Medium,536,0.467,0.0001384612453700175,0.026313389084188323,False
Q837P5_ENTFA_Meier_2023,ESM2 (15B),Prokaryote,Activity,Medium,571,0.392,0.00013839568358910064,0.04455303060896536,False
MLAC_ECOLI_MacRae_2023,ESM2 (650M),Prokaryote,OrganismalFitness,Medium,211,0.382,0.00013808217040491062,0.025298122335152898,False
MAFG_MOUSE_Tsuboyama_2023_1K1V,ESM2 (15B),Eukaryote,Stability,Medium,41,0.413,0.00013724157477530788,0.04097673425376078,False
B2L11_HUMAN_Dutta_2010_binding-Mcl-1,ESM2 (15B),Human,Binding,Low,198,0.315,0.0001348624216475567,0.08136955490766533,False
F7YBW8_MESOW_Aakre_2015,ESM2 (3B),Prokaryote,OrganismalFitness,High,93,0.366,0.00013315513079313496,0.014521308800032816,False
PITX2_HUMAN_Tsuboyama_2023_2L7M,ESM2 (650M),Human,Stability,High,52,0.626,0.00013291639633329194,0.020778795656142126,False
RBP1_HUMAN_Tsuboyama_2023_2KWH,ESM2 (650M),Human,Stability,High,52,0.552,0.00012868583877574094,0.024622967205392657,False
HIS7_YEAST_Pokusaeva_2019,ESM2 (650M),Eukaryote,OrganismalFitness,Medium,220,0.411,0.00012867021564307902,0.03513970363336594,False
UBE4B_HUMAN_Tsuboyama_2023_3L1X,ESM2 (15B),Human,Stability,High,69,0.477,0.0001246491403467928,0.023564446221352165,False
DOCK1_MOUSE_Tsuboyama_2023_2M0Y,ESM2 (650M),Eukaryote,Stability,High,66,0.531,0.00012342178512099052,0.029849841316656855,False
P53_HUMAN_Giacomelli_2018_Null_Etoposide,ESM2 (650M),Human,OrganismalFitness,Low,393,0.432,0.00012334049339005678,0.025206162871467066,False
P53_HUMAN_Giacomelli_2018_Null_Etoposide,ESM2 (3B),Human,OrganismalFitness,Low,393,0.469,0.00012108114033220593,0.010191654241265787,False
UBE4B_MOUSE_Starita_2013,ESM2 (3B),Eukaryote,Activity,Low,1173,0.351,0.00011808180622017013,0.02010469792455013,False
SHOC2_HUMAN_Kwon_2022,ESM2 (650M),Human,OrganismalFitness,Medium,582,0.426,0.00011559923548934591,0.02012013966442443,False
CASP3_HUMAN_Roychowdhury_2020,ESM2 (3B),Human,Activity,High,258,0.554,0.0001117779949549061,0.011611044374879604,False
ISDH_STAAW_Tsuboyama_2023_2LHR,ESM2 (15B),Prokaryote,Stability,High,55,0.45,0.0001113444264080449,0.025640117772182065,False
DLG4_HUMAN_Faure_2021,ESM2 (3B),Human,OrganismalFitness,Low,724,0.487,0.00010750445840308477,0.00901924202023171,False
CSN4_MOUSE_Tsuboyama_2023_1UFM,ESM2 (650M),Eukaryote,Stability,Medium,72,0.484,0.00010647808752213255,0.027533575488964426,False
SERC_HUMAN_Xie_2023,ESM2 (3B),Human,OrganismalFitness,High,370,0.577,0.00010413888557641102,0.010038099360882704,False
LYAM1_HUMAN_Elazar_2016,ESM2 (3B),Human,Expression,Medium,372,0.426,9.755237825521187e-05,0.020435712651534103,False
DYR_ECOLI_Thompson_2019,ESM2 (3B),Prokaryote,OrganismalFitness,Medium,159,0.506,9.697321344870138e-05,0.011187420274313789,False
POLG_DEN26_Suphatrakul_2023,ESM2 (650M),Virus,OrganismalFitness,Low,900,0.153,9.624817967000354e-05,0.03470171498128344,False
GCN4_YEAST_Staller_2018,ESM2 (3B),Eukaryote,Binding,Low,281,0.261,9.445113720189947e-05,0.034820758811972906,False
GLPA_HUMAN_Elazar_2016,ESM2 (3B),Human,Expression,Low,150,0.38,9.324367008894606e-05,0.028373690727957843,False
SHOC2_HUMAN_Kwon_2022,ESM2 (3B),Human,OrganismalFitness,Medium,582,0.388,9.160046729060074e-05,0.008135213114008413,False
BLAT_ECOLX_Deng_2012,ESM2 (650M),Prokaryote,OrganismalFitness,High,286,0.528,9.145235126148972e-05,0.02832468140570593,False
TPMT_HUMAN_Matreyek_2018,ESM2 (15B),Human,Expression,Medium,245,0.448,8.866806845642286e-05,0.04876190259829595,False
DYR_ECOLI_Nguyen_2023,ESM2 (3B),Prokaryote,OrganismalFitness,High,159,0.529,8.798689108281784e-05,0.012303445996351494,False
KCNJ2_MOUSE_Coyote-Maestas_2022_function,ESM2 (15B),Eukaryote,Activity,Medium,428,0.388,8.324746225010284e-05,0.03544563855051027,False
Q837P4_ENTFA_Meier_2023,ESM2 (650M),Prokaryote,Activity,Medium,589,0.515,8.304244553462305e-05,0.04414640461367923,False
RD23A_HUMAN_Tsuboyama_2023_1IFY,ESM2 (650M),Human,Stability,High,44,0.513,8.223403013860832e-05,0.021731511898892938,False
S22A1_HUMAN_Yee_2023_activity,ESM2 (3B),Human,Activity,Medium,553,0.547,8.174766054044137e-05,0.012587167954017178,False
TPMT_HUMAN_Matreyek_2018,ESM2 (3B),Human,Expression,Medium,245,0.476,7.679575199948239e-05,0.019317883866105782,False
RD23A_HUMAN_Tsuboyama_2023_1IFY,ESM2 (3B),Human,Stability,High,44,0.464,7.496322408892204e-05,0.00878674221629273,False
TNKS2_HUMAN_Tsuboyama_2023_5JRT,ESM2 (650M),Human,Stability,High,59,0.525,7.193681102525867e-05,0.020490497081621983,False
THO1_YEAST_Tsuboyama_2023_2WQG,ESM2 (650M),Eukaryote,Stability,High,41,0.513,7.171150232767723e-05,0.028241727775724167,False
A4D664_9INFA_Soh_2019,ESM2 (15B),Virus,OrganismalFitness,Medium,759,0.27,7.014413774624208e-05,0.03148237658102798,False
BCHB_CHLTE_Tsuboyama_2023_2KRU,ESM2 (15B),Prokaryote,Stability,Medium,52,0.421,6.908528625915952e-05,0.02631016419960197,False
OTC_HUMAN_Lo_2023,ESM2 (650M),Human,Activity,Medium,354,0.531,6.667234427431235e-05,0.026715475938959024,False
A4_HUMAN_Seuma_2022,ESM2 (3B),Human,Stability,Low,770,0.48,6.364181145153386e-05,0.031992544853740326,False
P53_HUMAN_Giacomelli_2018_WT_Nutlin,ESM2 (3B),Human,OrganismalFitness,Low,393,0.446,6.341893508727616e-05,0.010191654241265787,False
MAFG_MOUSE_Tsuboyama_2023_1K1V,ESM2 (650M),Eukaryote,Stability,Medium,41,0.48,6.122704662594767e-05,0.040149330538035884,False
HIS7_YEAST_Pokusaeva_2019,ESM2 (15B),Eukaryote,OrganismalFitness,Medium,220,0.48,6.090704492103675e-05,0.03586386817026086,False
SERC_HUMAN_Xie_2023,ESM2 (650M),Human,OrganismalFitness,High,370,0.558,6.057365342770194e-05,0.024826388476357333,False
CBX4_HUMAN_Tsuboyama_2023_2K28,ESM2 (3B),Human,Stability,High,50,0.609,5.930345559845514e-05,0.008617806503656511,False
REV_HV1H2_Fernandes_2016,ESM2 (650M),Virus,OrganismalFitness,High,116,0.24,5.681753353741218e-05,0.051795079749836076,False
HXK4_HUMAN_Gersing_2022_activity,ESM2 (15B),Human,OrganismalFitness,Medium,465,0.476,5.6596767834226815e-05,0.017940603329336873,False
UBC9_HUMAN_Weile_2017,ESM2 (3B),Human,OrganismalFitness,Medium,159,0.518,5.5519497959539015e-05,0.011122506724565738,False
DLG4_HUMAN_Faure_2021,ESM2 (15B),Human,OrganismalFitness,Low,724,0.443,5.538522171063042e-05,0.022766230708770353,False
PAI1_HUMAN_Huttinger_2021,ESM2 (650M),Human,Activity,Medium,402,0.448,5.491273194905559e-05,0.02572127865847568,False
HXK4_HUMAN_Gersing_2022_activity,ESM2 (3B),Human,OrganismalFitness,Medium,465,0.508,5.430263077374979e-05,0.007107485006463058,False
DYR_ECOLI_Thompson_2019,ESM2 (650M),Prokaryote,OrganismalFitness,Medium,159,0.48,5.2166102981685044e-05,0.027668907408978545,False
HMDH_HUMAN_Jiang_2019,ESM2 (15B),Human,OrganismalFitness,Low,888,0.378,5.025972196939044e-05,0.02342882304129842,False
A4D664_9INFA_Soh_2019,ESM2 (3B),Virus,OrganismalFitness,Medium,759,0.211,5.00725329277419e-05,0.012472296243882824,False
A4_HUMAN_Seuma_2022,ESM2 (650M),Human,Stability,Low,770,0.431,5.0066918392034606e-05,0.07912447549397439,False
PIN1_HUMAN_Tsuboyama_2023_1I6C,ESM2 (15B),Human,Stability,High,39,0.548,5.006393896901187e-05,0.023473969819195167,False
CAR11_HUMAN_Meitlis_2020_gof,ESM2 (650M),Human,OrganismalFitness,Low,1154,0.326,4.998962556408803e-05,0.03617848145723923,False
NUSA_ECOLI_Tsuboyama_2023_1WCL,ESM2 (15B),Prokaryote,Stability,High,69,0.533,4.984201083193712e-05,0.027375310005336592,False
THO1_YEAST_Tsuboyama_2023_2WQG,ESM2 (15B),Eukaryote,Stability,High,41,0.546,4.918786824517751e-05,0.028823737741693275,False
DOCK1_MOUSE_Tsuboyama_2023_2M0Y,ESM2 (3B),Eukaryote,Stability,High,66,0.508,4.831224110900867e-05,0.012069241296555582,False
ISDH_STAAW_Tsuboyama_2023_2LHR,ESM2 (3B),Prokaryote,Stability,High,55,0.479,4.793942483660896e-05,0.010157782839539917,False
YAP1_HUMAN_Araya_2012,ESM2 (15B),Human,Binding,Low,504,0.313,4.6045446542962394e-05,0.07021875000109273,False
KCNJ2_MOUSE_Coyote-Maestas_2022_function,ESM2 (3B),Eukaryote,Activity,Medium,428,0.385,4.400370931224106e-05,0.014042412059258918,False
ARGR_ECOLI_Tsuboyama_2023_1AOY,ESM2 (15B),Prokaryote,Stability,Medium,69,0.435,4.293430930993568e-05,0.026581752517187373,False
BBC1_YEAST_Tsuboyama_2023_1TG0,ESM2 (15B),Eukaryote,Stability,High,64,0.499,4.1233505217405e-05,0.029398247117443987,False
HXK4_HUMAN_Gersing_2023_abundance,ESM2 (3B),Human,Expression,Medium,465,0.376,4.115644822385346e-05,0.019049306083076548,False
B2L11_HUMAN_Dutta_2010_binding-Mcl-1,ESM2 (650M),Human,Binding,Low,198,0.27,3.9316994129952445e-05,0.07972653788096554,False
CAPSD_AAV2S_Sinai_2021,ESM2 (3B),Virus,OrganismalFitness,Low,735,0.183,3.8817447710381726e-05,0.015728978868300623,False
GCN4_YEAST_Staller_2018,ESM2 (650M),Eukaryote,Binding,Low,281,0.281,3.808663705966778e-05,0.0861192596555015,False
SRC_HUMAN_Chakraborty_2023_binding-DAS_25uM,ESM2 (650M),Human,Activity,Medium,536,0.465,3.7865108518536114e-05,0.025555059438608044,False
TPOR_HUMAN_Bridgford_2020,ESM2 (15B),Human,OrganismalFitness,Low,635,0.362,3.744705044131123e-05,0.026405089012590675,False
AACC1_PSEAI_Dandage_2018,ESM2 (650M),Prokaryote,OrganismalFitness,High,177,0.49,3.72153333245863e-05,0.0348247336722609,False
P53_HUMAN_Giacomelli_2018_Null_Nutlin,ESM2 (3B),Human,OrganismalFitness,Low,393,0.431,3.577158632425331e-05,0.010191654241265787,False
MLAC_ECOLI_MacRae_2023,ESM2 (3B),Prokaryote,OrganismalFitness,Medium,211,0.382,3.5713071672630255e-05,0.010228836380525812,False
VKOR1_HUMAN_Chiasson_2020_activity,ESM2 (650M),Human,Activity,Medium,163,0.43,3.533976706491883e-05,0.030808728793499687,False
HEM3_HUMAN_Loggerenberg_2023,ESM2 (3B),Human,Activity,Medium,361,0.418,3.5033045688313675e-05,0.010318862721503523,False
RL40A_YEAST_Roscoe_2013,ESM2 (3B),Eukaryote,OrganismalFitness,Medium,128,0.479,3.489951667502283e-05,0.017202993799440434,False
SQSTM_MOUSE_Tsuboyama_2023_2RRU,ESM2 (15B),Eukaryote,Stability,Medium,40,0.527,3.457220527164405e-05,0.029189905282010792,False
BCHB_CHLTE_Tsuboyama_2023_2KRU,ESM2 (3B),Prokaryote,Stability,Medium,52,0.521,3.396589673771689e-05,0.010423233496304274,False
GDIA_HUMAN_Silverstein_2021,ESM2 (3B),Human,OrganismalFitness,Low,447,0.356,3.237667549130636e-05,0.008487229668597041,False
MYO3_YEAST_Tsuboyama_2023_2BTT,ESM2 (650M),Eukaryote,Stability,High,61,0.588,3.223825360193308e-05,0.0280057885866173,False
SUMO1_HUMAN_Weile_2017,ESM2 (650M),Human,OrganismalFitness,High,101,0.509,3.171554178447921e-05,0.03800584194868304,False
CCDB_ECOLI_Adkar_2012,ESM2 (3B),Prokaryote,Activity,High,101,0.463,3.141727703836367e-05,0.016069409308032374,False
PITX2_HUMAN_Tsuboyama_2023_2L7M,ESM2 (3B),Human,Stability,High,52,0.586,3.0886539921419675e-05,0.008401528703801092,False
CATR_CHLRE_Tsuboyama_2023_2AMI,ESM2 (3B),Eukaryote,Stability,High,72,0.615,2.952038274981335e-05,0.014305214344101674,False
CAR11_HUMAN_Meitlis_2020_gof,ESM2 (15B),Human,OrganismalFitness,Low,1154,0.357,2.871600299558978e-05,0.03692405329083792,False
POLG_DEN26_Suphatrakul_2023,ESM2 (3B),Virus,OrganismalFitness,Low,900,0.275,2.8689206457653815e-05,0.014031008308231615,False
TPOR_HUMAN_Bridgford_2020,ESM2 (3B),Human,OrganismalFitness,Low,635,0.422,2.7826406044041303e-05,0.010460839627640746,False
P53_HUMAN_Giacomelli_2018_Null_Nutlin,ESM2 (650M),Human,OrganismalFitness,Low,393,0.404,2.699740389911951e-05,0.025206162871467066,False
NKX31_HUMAN_Tsuboyama_2023_2L9R,ESM2 (3B),Human,Stability,High,61,0.582,2.673700381422262e-05,0.008149129728384597,False
OTC_HUMAN_Lo_2023,ESM2 (3B),Human,Activity,Medium,354,0.51,2.6725265840385823e-05,0.010801917572663798,False
SAV1_MOUSE_Tsuboyama_2023_2YSB,ESM2 (650M),Eukaryote,Stability,High,43,0.512,2.6660229613371664e-05,0.02791318508270394,False
CCDB_ECOLI_Adkar_2012,ESM2 (650M),Prokaryote,Activity,High,101,0.466,2.568064518906796e-05,0.03974312105551044,False
HSP82_YEAST_Mishra_2016,ESM2 (15B),Eukaryote,OrganismalFitness,Medium,709,0.429,2.5097695583305097e-05,0.03778326974588979,False
SRC_HUMAN_Nguyen_2022,ESM2 (650M),Human,OrganismalFitness,Medium,536,0.471,2.509304218773024e-05,0.01788833625536561,False
MYO3_YEAST_Tsuboyama_2023_2BTT,ESM2 (3B),Eukaryote,Stability,High,61,0.507,2.5087573864338735e-05,0.01132363206110548,False
RASH_HUMAN_Bandaru_2017,ESM2 (3B),Human,Activity,High,189,0.44,2.4968300445814903e-05,0.012378026142729412,False
HMDH_HUMAN_Jiang_2019,ESM2 (3B),Human,OrganismalFitness,Low,888,0.374,2.4165243273278468e-05,0.009281739606427138,False
NUSG_MYCTU_Tsuboyama_2023_2MI6,ESM2 (650M),Prokaryote,Stability,High,55,0.518,2.3750331170362852e-05,0.023965336102411375,False
TRPC_THEMA_Chan_2017,ESM2 (3B),Prokaryote,OrganismalFitness,Medium,252,0.47,2.3110449148498915e-05,0.010001865451145139,False
BLAT_ECOLX_Firnberg_2014,ESM2 (15B),Prokaryote,OrganismalFitness,High,286,0.424,2.2076360797093868e-05,0.028908400893123094,False
VKOR1_HUMAN_Chiasson_2020_activity,ESM2 (15B),Human,Activity,Medium,163,0.445,1.9471671309642146e-05,0.03144363992000907,False
P53_HUMAN_Giacomelli_2018_WT_Nutlin,ESM2 (650M),Human,OrganismalFitness,Low,393,0.4,1.8936602006923803e-05,0.025206162871467066,False
Q837P5_ENTFA_Meier_2023,ESM2 (3B),Prokaryote,Activity,Medium,571,0.436,1.5979249064343908e-05,0.01765046532899491,False
TRPC_THEMA_Chan_2017,ESM2 (650M),Prokaryote,OrganismalFitness,Medium,252,0.464,1.5472995267446732e-05,0.024736774189147992,False
CUE1_YEAST_Tsuboyama_2023_2MYX,ESM2 (3B),Eukaryote,Stability,Medium,52,0.498,1.4951467291782075e-05,0.013425131222704055,False
HSP82_YEAST_Mishra_2016,ESM2 (3B),Eukaryote,OrganismalFitness,Medium,709,0.473,1.2963560650539958e-05,0.014968505700972261,False
AACC1_PSEAI_Dandage_2018,ESM2 (3B),Prokaryote,OrganismalFitness,High,177,0.511,1.2129638150094781e-05,0.01408074868204609,False
HIS7_YEAST_Pokusaeva_2019,ESM2 (3B),Eukaryote,OrganismalFitness,Medium,220,0.475,1.2120982186455129e-05,0.014208101066315619,False
TNKS2_HUMAN_Tsuboyama_2023_5JRT,ESM2 (15B),Human,Stability,High,59,0.533,1.2059872745502599e-05,0.02091276846685274,False
ADRB2_HUMAN_Jones_2020,ESM2 (3B),Human,Activity,Medium,413,0.505,1.1990667108415476e-05,0.011458619704097254,False
FECA_ECOLI_Tsuboyama_2023_2D1U,ESM2 (3B),Prokaryote,Stability,High,72,0.48,1.1266854349874509e-05,0.01027896270196101,False
BLAT_ECOLX_Stiffler_2015,ESM2 (15B),Prokaryote,OrganismalFitness,High,286,0.43,1.1136472543769657e-05,0.028908400893123094,False
BCHB_CHLTE_Tsuboyama_2023_2KRU,ESM2 (650M),Prokaryote,Stability,Medium,52,0.51,1.105899959949754e-05,0.025778908402464246,False
RAF1_HUMAN_Zinkus-Boltz_2019,ESM2 (3B),Human,OrganismalFitness,Low,648,0.433,1.0779033724897527e-05,0.008591813046309635,False
CAR11_HUMAN_Meitlis_2020_gof,ESM2 (3B),Human,OrganismalFitness,Low,1154,0.345,1.0507057405048725e-05,0.014628112016351776,False
REV_HV1H2_Fernandes_2016,ESM2 (3B),Virus,OrganismalFitness,High,116,0.281,1.0402556874562173e-05,0.02094239995595143,False
SPG2_STRSG_Tsuboyama_2023_5UBS,ESM2 (3B),Prokaryote,Stability,Medium,56,0.504,9.45241926522511e-06,0.010304160316195701,False
RCD1_ARATH_Tsuboyama_2023_5OAO,ESM2 (15B),Eukaryote,Stability,Medium,57,0.478,8.98108855101227e-06,0.028785365802493395,False
OPSD_HUMAN_Wan_2019,ESM2 (3B),Human,Expression,High,348,0.449,8.830422086514583e-06,0.020844803339406172,False
HEM3_HUMAN_Loggerenberg_2023,ESM2 (15B),Human,Activity,Medium,361,0.429,8.290334584184203e-06,0.02604671310991648,False
VILI_CHICK_Tsuboyama_2023_1YU5,ESM2 (3B),Eukaryote,Stability,High,65,0.589,7.746841881151252e-06,0.01311863918142455,False
F7YBW8_MESOW_Ding_2023,ESM2 (3B),Prokaryote,OrganismalFitness,High,93,0.456,7.414002371867433e-06,0.014521308800032816,False
SRC_HUMAN_Nguyen_2022,ESM2 (15B),Human,OrganismalFitness,Medium,536,0.415,7.317341550522311e-06,0.01825698190119534,False
RCD1_ARATH_Tsuboyama_2023_5OAO,ESM2 (3B),Eukaryote,Stability,Medium,57,0.482,7.1270486114396355e-06,0.011403828070387338,False
PIN1_HUMAN_Tsuboyama_2023_1I6C,ESM2 (3B),Human,Stability,High,39,0.52,6.996935161696972e-06,0.009299625295169096,False
RL40A_YEAST_Roscoe_2014,ESM2 (15B),Eukaryote,Activity,Medium,128,0.438,6.677114034514932e-06,0.04208613569293221,False
F7YBW8_MESOW_Aakre_2015,ESM2 (15B),Prokaryote,OrganismalFitness,High,93,0.434,5.951794387374276e-06,0.0366544622700291,False
ADRB2_HUMAN_Jones_2020,ESM2 (650M),Human,Activity,Medium,413,0.493,5.847841988115379e-06,0.028339642192159512,False
NUSG_MYCTU_Tsuboyama_2023_2MI6,ESM2 (15B),Prokaryote,Stability,High,55,0.477,4.857525579753409e-06,0.02445921751647246,False
HSP82_YEAST_Mishra_2016,ESM2 (650M),Eukaryote,OrganismalFitness,Medium,709,0.461,4.287922261601327e-06,0.03702034858222689,False
ARGR_ECOLI_Tsuboyama_2023_1AOY,ESM2 (3B),Prokaryote,Stability,Medium,69,0.499,3.5585385570816196e-06,0.01053082797680942,False
TNKS2_HUMAN_Tsuboyama_2023_5JRT,ESM2 (3B),Human,Stability,High,59,0.529,2.7812759510860336e-06,0.008284960410374522,False
RAF1_HUMAN_Zinkus-Boltz_2019,ESM2 (15B),Human,OrganismalFitness,Low,648,0.399,2.7743920855275186e-06,0.02168732112744469,False
F7YBW8_MESOW_Ding_2023,ESM2 (650M),Prokaryote,OrganismalFitness,High,93,0.446,2.6554570037822407e-06,0.03591433402817594,False
ARGR_ECOLI_Tsuboyama_2023_1AOY,ESM2 (650M),Prokaryote,Stability,Medium,69,0.497,2.1064313554753373e-06,0.026045012798814573,False
SRC_HUMAN_Chakraborty_2023_binding-DAS_25uM,ESM2 (15B),Human,Activity,Medium,536,0.409,1.9948982372243727e-06,0.026081702121106654,False
RL40A_YEAST_Roscoe_2014,ESM2 (3B),Eukaryote,Activity,Medium,128,0.427,1.572247623975805e-06,0.016673161594757912,False
NUSG_MYCTU_Tsuboyama_2023_2MI6,ESM2 (3B),Prokaryote,Stability,High,55,0.525,1.545707231604417e-06,0.009689948469228661,False
BRCA1_HUMAN_Findlay_2018,ESM2 (15B),Human,OrganismalFitness,Low,1863,0.394,1.4889249513310576e-06,0.04185595752143991,False
RCD1_ARATH_Tsuboyama_2023_5OAO,ESM2 (650M),Eukaryote,Stability,Medium,57,0.505,1.4704041860046484e-06,0.028204130644123075,False
FECA_ECOLI_Tsuboyama_2023_2D1U,ESM2 (650M),Prokaryote,Stability,High,72,0.524,1.1589875404786735e-06,0.02542209555798135,False
GDIA_HUMAN_Silverstein_2021,ESM2 (15B),Human,OrganismalFitness,Low,447,0.411,1.155591456712029e-06,0.021423333388789212,False
ERBB2_HUMAN_Elazar_2016,ESM2 (3B),Human,Expression,Low,1255,0.373,1.051060111577218e-06,0.02526661991376095,False
PITX2_HUMAN_Tsuboyama_2023_2L7M,ESM2 (15B),Human,Stability,High,52,0.507,1.0394759967199982e-06,0.021207008343720874,False
UBC9_HUMAN_Weile_2017,ESM2 (650M),Human,OrganismalFitness,Medium,159,0.473,9.165201724008797e-07,0.027508362175714084,False
MLAC_ECOLI_MacRae_2023,ESM2 (15B),Prokaryote,OrganismalFitness,Medium,211,0.412,7.847151742597559e-07,0.025819470017429656,False
GDIA_HUMAN_Silverstein_2021,ESM2 (650M),Human,OrganismalFitness,Low,447,0.397,6.37906223607049e-07,0.020990752657993897,False
CUE1_YEAST_Tsuboyama_2023_2MYX,ESM2 (15B),Eukaryote,Stability,Medium,52,0.467,5.949777970141046e-07,0.03388750784445013,False
SRC_HUMAN_Nguyen_2022,ESM2 (3B),Human,OrganismalFitness,Medium,536,0.443,5.127438408138348e-07,0.007232823932616849,False
VKOR1_HUMAN_Chiasson_2020_activity,ESM2 (3B),Human,Activity,Medium,163,0.446,4.872486032785783e-07,0.012456950035489614,False
BLAT_ECOLX_Deng_2012,ESM2 (3B),Prokaryote,OrganismalFitness,High,286,0.461,4.1116622069820433e-07,0.011452570581765933,False
RAD_ANTMA_Tsuboyama_2023_2CJJ,ESM2 (15B),Eukaryote,Stability,High,54,0.542,3.047532987685767e-07,0.031866851926619054,False
RASH_HUMAN_Bandaru_2017,ESM2 (650M),Human,Activity,High,189,0.498,1.3750399729921097e-07,0.030613532954995984,False
SPG2_STRSG_Tsuboyama_2023_5UBS,ESM2 (650M),Prokaryote,Stability,Medium,56,0.5,7.393462614917976e-08,0.025484414701992364,False
DOCK1_MOUSE_Tsuboyama_2023_2M0Y,ESM2 (15B),Eukaryote,Stability,High,66,0.531,6.911841499412223e-08,0.03046499153929387,False
RL40A_YEAST_Mavor_2016,ESM2 (3B),Eukaryote,OrganismalFitness,Medium,128,0.446,4.0068553803608744e-08,0.017202993799440434,False
THO1_YEAST_Tsuboyama_2023_2WQG,ESM2 (3B),Eukaryote,Stability,High,41,0.532,3.680690270298336e-08,0.011419029787828246,False
NUSA_ECOLI_Tsuboyama_2023_1WCL,ESM2 (3B),Prokaryote,Stability,High,69,0.532,3.1557527871133306e-08,0.010845209708864323,False
Q53Z42_HUMAN_McShan_2019_binding-TAPBPR,ESM2 (15B),Human,Binding,Medium,365,0.347,2.6934577234740494e-08,0.07052158237169778,False
SAV1_MOUSE_Tsuboyama_2023_2YSB,ESM2 (3B),Eukaryote,Stability,High,43,0.52,1.453376000289021e-08,0.011286189515874491,False
KCNE1_HUMAN_Muhammad_2023_function,ESM2 (15B),Human,Activity,Medium,129,0.38,6.7082251024059725e-09,0.04661817911751667,False
SRC_HUMAN_Chakraborty_2023_binding-DAS_25uM,ESM2 (3B),Human,Activity,Medium,536,0.426,1.0138069712528335e-10,0.01033272423261662,False
